Nitrogen,Potassium,Phosphorous,Fertilizer Name
37,0,0,Urea
12,0,36,DAP
7,9,30,14-35-14
22,0,20,28-28
35,0,0,Urea
12,10,13,17-17-17
9,0,10,20-20
41,0,0,Urea
21,0,18,28-28
9,7,30,14-35-14
13,0,40,DAP
14,15,12,17-17-17
36,0,0,Urea
24,0,22,28-28
14,0,41,DAP
10,13,14,17-17-17
38,0,0,Urea
21,0,19,28-28
39,0,0,Urea
13,0,36,DAP
10,0,9,20-20
12,14,12,17-17-17
11,0,37,DAP
36,0,0,Urea
13,0,10,20-20
23,0,20,28-28
9,9,29,14-35-14
38,0,0,Urea
12,0,39,DAP
14,0,13,20-20
24,0,23,28-28
12,0,40,DAP
39,0,0,Urea
7,9,30,14-35-14
23,0,19,28-28
41,0,0,Urea
8,10,31,14-35-14
12,0,41,DAP
15,14,11,17-17-17
15,0,37,DAP
13,0,13,20-20
10,7,32,14-35-14
22,0,24,28-28
35,0,0,Urea
10,0,35,DAP
8,8,28,14-35-14
12,0,8,20-20
24,0,18,28-28
41,0,0,Urea
5,9,29,14-35-14
23,0,21,28-28
13,0,14,20-20
40,0,0,Urea
12,0,42,DAP
11,12,15,17-17-17
23,0,24,28-28
38,0,0,Urea
8,0,15,20-20
11,13,15,17-17-17
15,0,37,DAP
36,0,0,Urea
13,0,9,20-20
24,0,20,28-28
5,18,15,10-26-26
37,0,0,Urea
15,0,40,DAP
9,0,13,20-20
8,8,33,14-35-14
6,19,16,10-26-26
10,0,14,20-20
21,0,23,28-28
39,0,0,Urea
23,0,19,28-28
42,0,0,Urea
13,0,39,DAP
9,10,22,14-35-14
22,0,21,28-28
10,0,15,20-20
7,16,20,10-26-26
14,0,38,DAP
10,8,29,14-35-14
41,0,0,Urea
14,0,35,DAP
11,0,9,20-20
21,0,28,28-28
8,7,31,14-35-14
13,17,16,10-26-26
35,0,0,Urea
12,18,19,10-26-26
11,0,38,DAP
8,9,30,14-35-14
6,19,21,10-26-26
41,0,0,Urea
9,10,30,14-35-14
24,0,19,28-28
4,17,17,10-26-26
39,0,0,Urea
15,0,41,DAP
12,0,10,20-20
75,100,50,Urea
80,100,50,Urea
85,100,50,Urea
90,100,50,Urea
95,100,50,Urea
100,100,50,Urea
75,105,55,Urea
80,105,55,Urea
85,105,55,Urea
90,105,55,Urea
95,105,55,Urea
100,105,55,Urea
75,110,60,Urea
80,110,60,Urea
85,110,60,Urea
90,110,60,Urea
95,110,60,Urea
100,110,60,Urea
75,115,50,Urea
80,115,50,Urea
85,115,50,Urea
90,115,50,Urea
95,115,50,Urea
100,115,50,Urea
75,100,55,DAP
80,100,55,DAP
85,100,55,DAP
90,100,55,DAP
95,100,55,DAP
100,100,55,DAP
75,105,60,DAP
80,105,60,DAP
85,105,60,DAP
90,105,60,DAP
95,105,60,DAP
100,105,60,DAP
75,110,50,DAP
80,110,50,DAP
85,110,50,DAP
90,110,50,DAP
95,110,50,DAP
100,110,50,DAP
75,115,55,DAP
80,115,55,DAP
85,115,55,DAP
90,115,55,DAP
95,115,55,DAP
100,115,55,DAP
75,100,60,MOP
80,100,60,MOP
85,100,60,MOP
90,100,60,MOP
95,100,60,MOP
100,100,60,MOP
75,105,50,MOP
80,105,50,MOP
85,105,50,MOP
90,105,50,MOP
95,105,50,MOP
100,105,50,MOP
75,110,55,MOP
80,110,55,MOP
85,110,55,MOP
90,110,55,MOP
95,110,55,MOP
100,110,55,MOP
75,115,60,MOP
80,115,60,MOP
85,115,60,MOP
90,115,60,MOP
95,115,60,MOP
100,115,60,MOP
20,25,25,10:26:26 NPK
25,25,25,10:26:26 NPK
30,25,25,10:26:26 NPK
35,25,25,10:26:26 NPK
40,25,25,10:26:26 NPK
20,30,30,10:26:26 NPK
25,30,30,10:26:26 NPK
30,30,30,10:26:26 NPK
35,30,30,10:26:26 NPK
40,30,30,10:26:26 NPK
20,35,35,10:26:26 NPK
25,35,35,10:26:26 NPK
30,35,35,10:26:26 NPK
35,35,35,10:26:26 NPK
40,35,35,10:26:26 NPK
20,40,25,10:26:26 NPK
25,40,25,10:26:26 NPK
30,40,25,10:26:26 NPK
35,40,25,10:26:26 NPK
40,40,25,10:26:26 NPK
20,25,30,Urea
25,25,30,Urea
30,25,30,Urea
35,25,30,Urea
40,25,30,Urea
20,30,35,Urea
25,30,35,Urea
30,30,35,Urea
35,30,35,Urea
40,30,35,Urea
20,35,25,Urea
25,35,25,Urea
30,35,25,Urea
35,35,25,Urea
40,35,25,Urea
20,40,30,Urea
25,40,30,Urea
30,40,30,Urea
35,40,30,Urea
40,40,30,Urea
20,25,35,SSP
25,25,35,SSP
30,25,35,SSP
35,25,35,SSP
40,25,35,SSP
20,30,25,SSP
25,30,25,SSP
30,30,25,SSP
35,30,25,SSP
40,30,25,SSP
20,35,30,SSP
25,35,30,SSP
30,35,30,SSP
35,35,30,SSP
40,35,30,SSP
20,40,35,SSP
25,40,35,SSP
30,40,35,SSP
35,40,35,SSP
40,40,35,SSP
40,20,20,10:26:26 NPK
45,20,20,10:26:26 NPK
50,20,20,10:26:26 NPK
40,25,25,10:26:26 NPK
45,25,25,10:26:26 NPK
50,25,25,10:26:26 NPK
40,25,20,10:26:26 NPK
45,25,20,10:26:26 NPK
50,25,20,10:26:26 NPK
40,20,25,10:26:26 NPK
45,20,25,10:26:26 NPK
50,20,25,10:26:26 NPK
100,50,40,DAP
105,50,40,DAP
110,50,40,DAP
115,50,40,DAP
120,50,40,DAP
125,50,40,DAP
130,50,40,DAP
135,50,40,DAP
140,50,40,DAP
145,50,40,DAP
150,50,40,DAP
100,55,45,DAP
105,55,45,DAP
110,55,45,DAP
115,55,45,DAP
120,55,45,DAP
125,55,45,DAP
130,55,45,DAP
135,55,45,DAP
140,55,45,DAP
145,55,45,DAP
150,55,45,DAP
100,60,50,DAP
105,60,50,DAP
110,60,50,DAP
115,60,50,DAP
120,60,50,DAP
125,60,50,DAP
130,60,50,DAP
135,60,50,DAP
140,60,50,DAP
145,60,50,DAP
150,60,50,DAP
100,65,55,DAP
105,65,55,DAP
110,65,55,DAP
115,65,55,DAP
120,65,55,DAP
125,65,55,DAP
130,65,55,DAP
135,65,55,DAP
140,65,55,DAP
145,65,55,DAP
150,65,55,DAP
100,70,60,DAP
105,70,60,DAP
110,70,60,DAP
115,70,60,DAP
120,70,60,DAP
125,70,60,DAP
130,70,60,DAP
135,70,60,DAP
140,70,60,DAP
145,70,60,DAP
150,70,60,DAP
100,75,40,DAP
105,75,40,DAP
110,75,40,DAP
115,75,40,DAP
120,75,40,DAP
125,75,40,DAP
130,75,40,DAP
135,75,40,DAP
140,75,40,DAP
145,75,40,DAP
150,75,40,DAP
100,50,45,Magnesium Sulphate
105,50,45,Magnesium Sulphate
110,50,45,Magnesium Sulphate
115,50,45,Magnesium Sulphate
120,50,45,Magnesium Sulphate
125,50,45,Magnesium Sulphate
130,50,45,Magnesium Sulphate
135,50,45,Magnesium Sulphate
140,50,45,Magnesium Sulphate
145,50,45,Magnesium Sulphate
150,50,45,Magnesium Sulphate
100,55,50,Magnesium Sulphate
105,55,50,Magnesium Sulphate
110,55,50,Magnesium Sulphate
115,55,50,Magnesium Sulphate
120,55,50,Magnesium Sulphate
125,55,50,Magnesium Sulphate
130,55,50,Magnesium Sulphate
135,55,50,Magnesium Sulphate
140,55,50,Magnesium Sulphate
145,55,50,Magnesium Sulphate
150,55,50,Magnesium Sulphate
100,60,55,Magnesium Sulphate
105,60,55,Magnesium Sulphate
110,60,55,Magnesium Sulphate
115,60,55,Magnesium Sulphate
120,60,55,Magnesium Sulphate
125,60,55,Magnesium Sulphate
130,60,55,Magnesium Sulphate
135,60,55,Magnesium Sulphate
140,60,55,Magnesium Sulphate
145,60,55,Magnesium Sulphate
150,60,55,Magnesium Sulphate
100,65,60,Magnesium Sulphate
105,65,60,Magnesium Sulphate
110,65,60,Magnesium Sulphate
115,65,60,Magnesium Sulphate
120,65,60,Magnesium Sulphate
125,65,60,Magnesium Sulphate
130,65,60,Magnesium Sulphate
135,65,60,Magnesium Sulphate
140,65,60,Magnesium Sulphate
145,65,60,Magnesium Sulphate
150,65,60,Magnesium Sulphate
100,70,40,Magnesium Sulphate
105,70,40,Magnesium Sulphate
110,70,40,Magnesium Sulphate
115,70,40,Magnesium Sulphate
120,70,40,Magnesium Sulphate
125,70,40,Magnesium Sulphate
130,70,40,Magnesium Sulphate
135,70,40,Magnesium Sulphate
140,70,40,Magnesium Sulphate
145,70,40,Magnesium Sulphate
150,70,40,Magnesium Sulphate
100,75,45,Magnesium Sulphate
105,75,45,Magnesium Sulphate
110,75,45,Magnesium Sulphate
115,75,45,Magnesium Sulphate
120,75,45,Magnesium Sulphate
125,75,45,Magnesium Sulphate
130,75,45,Magnesium Sulphate
135,75,45,Magnesium Sulphate
140,75,45,Magnesium Sulphate
145,75,45,Magnesium Sulphate
150,75,45,Magnesium Sulphate
100,50,50,13:32:26 NPK
105,50,50,13:32:26 NPK
110,50,50,13:32:26 NPK
115,50,50,13:32:26 NPK
120,50,50,13:32:26 NPK
125,50,50,13:32:26 NPK
130,50,50,13:32:26 NPK
135,50,50,13:32:26 NPK
140,50,50,13:32:26 NPK
145,50,50,13:32:26 NPK
150,50,50,13:32:26 NPK
100,55,55,13:32:26 NPK
105,55,55,13:32:26 NPK
110,55,55,13:32:26 NPK
115,55,55,13:32:26 NPK
120,55,55,13:32:26 NPK
125,55,55,13:32:26 NPK
130,55,55,13:32:26 NPK
135,55,55,13:32:26 NPK
140,55,55,13:32:26 NPK
145,55,55,13:32:26 NPK
150,55,55,13:32:26 NPK
100,60,60,13:32:26 NPK
105,60,60,13:32:26 NPK
110,60,60,13:32:26 NPK
115,60,60,13:32:26 NPK
120,60,60,13:32:26 NPK
125,60,60,13:32:26 NPK
130,60,60,13:32:26 NPK
135,60,60,13:32:26 NPK
140,60,60,13:32:26 NPK
145,60,60,13:32:26 NPK
150,60,60,13:32:26 NPK
100,65,40,13:32:26 NPK
105,65,40,13:32:26 NPK
110,65,40,13:32:26 NPK
115,65,40,13:32:26 NPK
120,65,40,13:32:26 NPK
125,65,40,13:32:26 NPK
130,65,40,13:32:26 NPK
135,65,40,13:32:26 NPK
140,65,40,13:32:26 NPK
145,65,40,13:32:26 NPK
150,65,40,13:32:26 NPK
100,70,45,13:32:26 NPK
105,70,45,13:32:26 NPK
110,70,45,13:32:26 NPK
115,70,45,13:32:26 NPK
120,70,45,13:32:26 NPK
125,70,45,13:32:26 NPK
130,70,45,13:32:26 NPK
135,70,45,13:32:26 NPK
140,70,45,13:32:26 NPK
145,70,45,13:32:26 NPK
150,70,45,13:32:26 NPK
100,75,50,13:32:26 NPK
105,75,50,13:32:26 NPK
110,75,50,13:32:26 NPK
115,75,50,13:32:26 NPK
120,75,50,13:32:26 NPK
125,75,50,13:32:26 NPK
130,75,50,13:32:26 NPK
135,75,50,13:32:26 NPK
140,75,50,13:32:26 NPK
145,75,50,13:32:26 NPK
150,75,50,13:32:26 NPK
100,50,55,DAP
105,50,55,DAP
110,50,55,DAP
115,50,55,DAP
120,50,55,DAP
125,50,55,DAP
130,50,55,DAP
135,50,55,DAP
140,50,55,DAP
145,50,55,DAP
150,50,55,DAP
100,55,60,DAP
105,55,60,DAP
110,55,60,DAP
115,55,60,DAP
120,55,60,DAP
125,55,60,DAP
130,55,60,DAP
135,55,60,DAP
140,55,60,DAP
145,55,60,DAP
150,55,60,DAP
100,60,40,DAP
105,60,40,DAP
110,60,40,DAP
115,60,40,DAP
120,60,40,DAP
125,60,40,DAP
130,60,40,DAP
135,60,40,DAP
140,60,40,DAP
145,60,40,DAP
150,60,40,DAP
100,65,45,DAP
105,65,45,DAP
110,65,45,DAP
115,65,45,DAP
120,65,45,DAP
125,65,45,DAP
130,65,45,DAP
135,65,45,DAP
140,65,45,DAP
145,65,45,DAP
150,65,45,DAP
100,70,50,DAP
105,70,50,DAP
110,70,50,DAP
115,70,50,DAP
120,70,50,DAP
125,70,50,DAP
130,70,50,DAP
135,70,50,DAP
140,70,50,DAP
145,70,50,DAP
150,70,50,DAP
100,75,55,DAP
105,75,55,DAP
110,75,55,DAP
115,75,55,DAP
120,75,55,DAP
125,75,55,DAP
130,75,55,DAP
135,75,55,DAP
140,75,55,DAP
145,75,55,DAP
150,75,55,DAP
100,50,60,Magnesium Sulphate
105,50,60,Magnesium Sulphate
110,50,60,Magnesium Sulphate
115,50,60,Magnesium Sulphate
120,50,60,Magnesium Sulphate
125,50,60,Magnesium Sulphate
130,50,60,Magnesium Sulphate
135,50,60,Magnesium Sulphate
140,50,60,Magnesium Sulphate
145,50,60,Magnesium Sulphate
150,50,60,Magnesium Sulphate
100,55,40,Magnesium Sulphate
105,55,40,Magnesium Sulphate
110,55,40,Magnesium Sulphate
115,55,40,Magnesium Sulphate
120,55,40,Magnesium Sulphate
125,55,40,Magnesium Sulphate
130,55,40,Magnesium Sulphate
135,55,40,Magnesium Sulphate
140,55,40,Magnesium Sulphate
145,55,40,Magnesium Sulphate
150,55,40,Magnesium Sulphate
100,60,45,Magnesium Sulphate
105,60,45,Magnesium Sulphate
110,60,45,Magnesium Sulphate
115,60,45,Magnesium Sulphate
120,60,45,Magnesium Sulphate
125,60,45,Magnesium Sulphate
130,60,45,Magnesium Sulphate
135,60,45,Magnesium Sulphate
140,60,45,Magnesium Sulphate
145,60,45,Magnesium Sulphate
150,60,45,Magnesium Sulphate
100,65,50,Magnesium Sulphate
105,65,50,Magnesium Sulphate
110,65,50,Magnesium Sulphate
115,65,50,Magnesium Sulphate
120,65,50,Magnesium Sulphate
125,65,50,Magnesium Sulphate
130,65,50,Magnesium Sulphate
135,65,50,Magnesium Sulphate
140,65,50,Magnesium Sulphate
145,65,50,Magnesium Sulphate
150,65,50,Magnesium Sulphate
100,70,55,Magnesium Sulphate
105,70,55,Magnesium Sulphate
110,70,55,Magnesium Sulphate
115,70,55,Magnesium Sulphate
120,70,55,Magnesium Sulphate
125,70,55,Magnesium Sulphate
130,70,55,Magnesium Sulphate
135,70,55,Magnesium Sulphate
140,70,55,Magnesium Sulphate
145,70,55,Magnesium Sulphate
150,70,55,Magnesium Sulphate
100,75,60,Magnesium Sulphate
105,75,60,Magnesium Sulphate
110,75,60,Magnesium Sulphate
115,75,60,Magnesium Sulphate
120,75,60,Magnesium Sulphate
125,75,60,Magnesium Sulphate
130,75,60,Magnesium Sulphate
135,75,60,Magnesium Sulphate
140,75,60,Magnesium Sulphate
145,75,60,Magnesium Sulphate
150,75,60,Magnesium Sulphate
100,40,60,12:32:16 NPK
105,40,60,12:32:16 NPK
110,40,60,12:32:16 NPK
115,40,60,12:32:16 NPK
120,40,60,12:32:16 NPK
100,45,65,12:32:16 NPK
105,45,65,12:32:16 NPK
110,45,65,12:32:16 NPK
115,45,65,12:32:16 NPK
120,45,65,12:32:16 NPK
100,50,70,12:32:16 NPK
105,50,70,12:32:16 NPK
110,50,70,12:32:16 NPK
115,50,70,12:32:16 NPK
120,50,70,12:32:16 NPK
100,55,75,12:32:16 NPK
105,55,75,12:32:16 NPK
110,55,75,12:32:16 NPK
115,55,75,12:32:16 NPK
120,55,75,12:32:16 NPK
100,60,80,12:32:16 NPK
105,60,80,12:32:16 NPK
110,60,80,12:32:16 NPK
115,60,80,12:32:16 NPK
120,60,80,12:32:16 NPK
100,65,60,12:32:16 NPK
105,65,60,12:32:16 NPK
110,65,60,12:32:16 NPK
115,65,60,12:32:16 NPK
120,65,60,12:32:16 NPK
100,40,65,12:32:16 NPK
105,40,65,12:32:16 NPK
110,40,65,12:32:16 NPK
115,40,65,12:32:16 NPK
120,40,65,12:32:16 NPK
100,45,70,12:32:16 NPK
105,45,70,12:32:16 NPK
110,45,70,12:32:16 NPK
115,45,70,12:32:16 NPK
120,45,70,12:32:16 NPK
100,50,75,12:32:16 NPK
105,50,75,12:32:16 NPK
110,50,75,12:32:16 NPK
115,50,75,12:32:16 NPK
120,50,75,12:32:16 NPK
100,55,80,12:32:16 NPK
105,55,80,12:32:16 NPK
110,55,80,12:32:16 NPK
115,55,80,12:32:16 NPK
120,55,80,12:32:16 NPK
100,60,60,12:32:16 NPK
105,60,60,12:32:16 NPK
110,60,60,12:32:16 NPK
115,60,60,12:32:16 NPK
120,60,60,12:32:16 NPK
100,65,65,12:32:16 NPK
105,65,65,12:32:16 NPK
110,65,65,12:32:16 NPK
115,65,65,12:32:16 NPK
120,65,65,12:32:16 NPK
100,40,70,12:32:16 NPK
105,40,70,12:32:16 NPK
110,40,70,12:32:16 NPK
115,40,70,12:32:16 NPK
120,40,70,12:32:16 NPK
100,45,75,12:32:16 NPK
105,45,75,DAP
110,45,75,DAP
115,45,75,DAP
120,45,75,DAP
100,50,80,DAP
105,50,80,DAP
110,50,80,DAP
115,50,80,DAP
120,50,80,DAP
100,55,60,DAP
105,55,60,DAP
110,55,60,DAP
115,55,60,DAP
120,55,60,DAP
100,60,65,DAP
105,60,65,DAP
110,60,65,DAP
115,60,65,DAP
120,60,65,DAP
100,65,70,DAP
105,65,70,DAP
110,65,70,DAP
115,65,70,DAP
120,65,70,DAP
100,40,75,DAP
105,40,75,DAP
110,40,75,DAP
115,40,75,DAP
120,40,75,DAP
100,45,80,DAP
105,45,80,DAP
110,45,80,DAP
115,45,80,DAP
120,45,80,DAP
100,50,60,DAP
105,50,60,DAP
110,50,60,DAP
115,50,60,DAP
120,50,60,DAP
100,55,65,DAP
105,55,65,DAP
110,55,65,DAP
115,55,65,DAP
120,55,65,DAP
100,60,70,DAP
105,60,70,DAP
110,60,70,DAP
115,60,70,DAP
120,60,70,DAP
100,65,75,DAP
105,65,75,DAP
110,65,75,DAP
115,65,75,DAP
120,65,75,DAP
100,40,80,DAP
105,40,80,DAP
110,40,80,DAP
115,40,80,DAP
120,40,80,DAP
100,45,60,DAP
105,45,60,DAP
110,45,60,DAP
115,45,60,DAP
120,45,60,DAP
100,50,65,DAP
105,50,65,DAP
110,50,65,Magnesium Sulphate
115,50,65,Magnesium Sulphate
120,50,65,Magnesium Sulphate
100,55,70,Magnesium Sulphate
105,55,70,Magnesium Sulphate
110,55,70,Magnesium Sulphate
115,55,70,Magnesium Sulphate
120,55,70,Magnesium Sulphate
100,60,75,Magnesium Sulphate
105,60,75,Magnesium Sulphate
110,60,75,Magnesium Sulphate
115,60,75,Magnesium Sulphate
120,60,75,Magnesium Sulphate
100,65,80,Magnesium Sulphate
105,65,80,Magnesium Sulphate
110,65,80,Magnesium Sulphate
115,65,80,Magnesium Sulphate
120,65,80,Magnesium Sulphate
20,20,15,Urea
25,20,15,Urea
30,20,15,Urea
20,25,20,Urea
25,25,20,Urea
30,25,20,Urea
20,25,15,Urea
25,25,15,Urea
30,25,15,Urea
20,20,20,Urea
25,20,20,Urea
30,20,20,Urea
25,30,20,Urea
30,30,20,Urea
35,30,20,Urea
25,35,25,Urea
30,35,25,Urea
35,35,25,Urea
25,40,30,Urea
30,40,30,Urea
35,40,30,50:26:26 NPK
25,35,20,50:26:26 NPK
30,35,20,50:26:26 NPK
35,35,20,50:26:26 NPK
25,40,25,50:26:26 NPK
30,40,25,50:26:26 NPK
35,40,25,50:26:26 NPK
25,30,30,50:26:26 NPK
30,30,30,50:26:26 NPK
35,30,30,50:26:26 NPK
25,40,20,50:26:26 NPK
30,40,20,50:26:26 NPK
35,40,20,50:26:26 NPK
25,30,25,50:26:26 NPK
30,30,25,50:26:26 NPK
35,30,25,50:26:26 NPK
25,35,30,50:26:26 NPK
30,35,30,50:26:26 NPK
35,35,30,50:26:26 NPK
100,40,60,19:19:19 NPK
105,40,60,19:19:19 NPK
110,40,60,19:19:19 NPK
115,40,60,19:19:19 NPK
120,40,60,19:19:19 NPK
100,45,65,19:19:19 NPK
105,45,65,19:19:19 NPK
110,45,65,19:19:19 NPK
115,45,65,19:19:19 NPK
120,45,65,19:19:19 NPK
100,50,70,19:19:19 NPK
105,50,70,19:19:19 NPK
110,50,70,19:19:19 NPK
115,50,70,19:19:19 NPK
120,50,70,19:19:19 NPK
100,55,75,19:19:19 NPK
105,55,75,19:19:19 NPK
110,55,75,19:19:19 NPK
115,55,75,19:19:19 NPK
120,55,75,19:19:19 NPK
100,60,80,19:19:19 NPK
105,60,80,19:19:19 NPK
110,60,80,19:19:19 NPK
115,60,80,19:19:19 NPK
120,60,80,19:19:19 NPK
100,45,60,Urea
105,45,60,Urea
110,45,60,Urea
115,45,60,Urea
120,45,60,Urea
100,50,65,Urea
105,50,65,Urea
110,50,65,Urea
115,50,65,Urea
120,50,65,Urea
100,55,70,Urea
105,55,70,Urea
110,55,70,Urea
115,55,70,Urea
120,55,70,Urea
100,60,75,Urea
105,60,75,Urea
110,60,75,Urea
115,60,75,Urea
120,60,75,Urea
100,40,80,Urea
105,40,80,Urea
110,40,80,Urea
115,40,80,Urea
120,40,80,Urea
100,50,60,19:19:19 NPK
105,50,60,19:19:19 NPK
110,50,60,19:19:19 NPK
115,50,60,19:19:19 NPK
120,50,60,19:19:19 NPK
100,55,65,19:19:19 NPK
105,55,65,19:19:19 NPK
110,55,65,19:19:19 NPK
115,55,65,19:19:19 NPK
120,55,65,19:19:19 NPK
100,60,70,19:19:19 NPK
105,60,70,19:19:19 NPK
110,60,70,19:19:19 NPK
115,60,70,19:19:19 NPK
120,60,70,19:19:19 NPK
100,40,75,19:19:19 NPK
105,40,75,19:19:19 NPK
110,40,75,19:19:19 NPK
115,40,75,19:19:19 NPK
120,40,75,19:19:19 NPK
100,45,80,19:19:19 NPK
105,45,80,19:19:19 NPK
110,45,80,19:19:19 NPK
115,45,80,19:19:19 NPK
120,45,80,19:19:19 NPK
100,55,60,Urea
105,55,60,Urea
110,55,60,Urea
115,55,60,Urea
120,55,60,Urea
100,60,65,Urea
105,60,65,Urea
110,60,65,Urea
115,60,65,Urea
120,60,65,Urea
100,40,70,Urea
105,40,70,Urea
110,40,70,Urea
115,40,70,Urea
120,40,70,Urea
100,45,75,Urea
105,45,75,Urea
110,45,75,Urea
115,45,75,Urea
120,45,75,Urea
100,50,80,Urea
105,50,80,Urea
110,50,80,Urea
115,50,80,Urea
120,50,80,Urea
100,60,60,19:19:19 NPK
105,60,60,19:19:19 NPK
110,60,60,19:19:19 NPK
115,60,60,19:19:19 NPK
120,60,60,19:19:19 NPK
100,40,65,19:19:19 NPK
105,40,65,19:19:19 NPK
110,40,65,19:19:19 NPK
115,40,65,19:19:19 NPK
120,40,65,19:19:19 NPK
100,45,70,19:19:19 NPK
105,45,70,19:19:19 NPK
110,45,70,19:19:19 NPK
115,45,70,19:19:19 NPK
120,45,70,19:19:19 NPK
100,50,75,19:19:19 NPK
105,50,75,19:19:19 NPK
110,50,75,19:19:19 NPK
115,50,75,19:19:19 NPK
120,50,75,19:19:19 NPK
100,55,80,19:19:19 NPK
105,55,80,19:19:19 NPK
110,55,80,19:19:19 NPK
115,55,80,19:19:19 NPK
120,55,80,19:19:19 NPK
100,40,40,Urea
105,40,40,Urea
110,40,40,Urea
115,40,40,Urea
120,40,40,Urea
100,45,45,Urea
105,45,45,Urea
110,45,45,Urea
115,45,45,Urea
120,45,45,Urea
100,50,50,Urea
105,50,50,Urea
110,50,50,Urea
115,50,50,Urea
120,50,50,Urea
100,55,55,Urea
105,55,55,Urea
110,55,55,Urea
115,55,55,Urea
120,55,55,Urea
100,60,60,Urea
105,60,60,Urea
110,60,60,Urea
115,60,60,Urea
120,60,60,Urea
100,45,40,19:19:19 NPK
105,45,40,19:19:19 NPK
110,45,40,19:19:19 NPK
115,45,40,19:19:19 NPK
120,45,40,19:19:19 NPK
100,50,45,19:19:19 NPK
105,50,45,19:19:19 NPK
110,50,45,19:19:19 NPK
115,50,45,19:19:19 NPK
120,50,45,19:19:19 NPK
100,55,50,19:19:19 NPK
105,55,50,19:19:19 NPK
110,55,50,19:19:19 NPK
115,55,50,19:19:19 NPK
120,55,50,19:19:19 NPK
100,60,55,19:19:19 NPK
105,60,55,19:19:19 NPK
110,60,55,19:19:19 NPK
115,60,55,19:19:19 NPK
120,60,55,19:19:19 NPK
100,40,60,19:19:19 NPK
105,40,60,19:19:19 NPK
110,40,60,19:19:19 NPK
115,40,60,19:19:19 NPK
120,40,60,19:19:19 NPK
100,50,40,Urea
105,50,40,Urea
110,50,40,Urea
115,50,40,Urea
120,50,40,Urea
100,55,45,Urea
105,55,45,Urea
110,55,45,Urea
115,55,45,Urea
120,55,45,Urea
100,60,50,Urea
105,60,50,Urea
110,60,50,Urea
115,60,50,Urea
120,60,50,Urea
100,40,55,Urea
105,40,55,Urea
110,40,55,Urea
115,40,55,Urea
120,40,55,Urea
100,45,60,Urea
105,45,60,Urea
110,45,60,Urea
115,45,60,Urea
120,45,60,Urea
100,55,40,19:19:19 NPK
105,55,40,19:19:19 NPK
110,55,40,19:19:19 NPK
115,55,40,19:19:19 NPK
120,55,40,19:19:19 NPK
100,60,45,19:19:19 NPK
105,60,45,19:19:19 NPK
110,60,45,19:19:19 NPK
115,60,45,19:19:19 NPK
120,60,45,19:19:19 NPK
100,40,50,19:19:19 NPK
105,40,50,19:19:19 NPK
110,40,50,19:19:19 NPK
115,40,50,19:19:19 NPK
120,40,50,19:19:19 NPK
100,45,55,19:19:19 NPK
105,45,55,19:19:19 NPK
110,45,55,19:19:19 NPK
115,45,55,19:19:19 NPK
120,45,55,19:19:19 NPK
100,50,60,19:19:19 NPK
105,50,60,19:19:19 NPK
110,50,60,19:19:19 NPK
115,50,60,19:19:19 NPK
120,50,60,19:19:19 NPK
100,60,40,Urea
105,60,40,Urea
110,60,40,Urea
115,60,40,Urea
120,60,40,Urea
100,40,45,Urea
105,40,45,Urea
110,40,45,Urea
115,40,45,Urea
120,40,45,Urea
100,45,50,Urea
105,45,50,Urea
110,45,50,Urea
115,45,50,Urea
120,45,50,Urea
100,50,55,Urea
105,50,55,Urea
110,50,55,Urea
115,50,55,Urea
120,50,55,Urea
100,55,60,Urea
105,55,60,Urea
110,55,60,Urea
115,55,60,Urea
120,55,60,Urea
60,40,40,19:19:19 NPK
65,40,40,19:19:19 NPK
70,40,40,19:19:19 NPK
75,40,40,19:19:19 NPK
80,40,40,19:19:19 NPK
85,40,40,19:19:19 NPK
90,40,40,19:19:19 NPK
95,40,40,19:19:19 NPK
100,40,40,19:19:19 NPK
60,45,45,19:19:19 NPK
65,45,45,19:19:19 NPK
70,45,45,19:19:19 NPK
75,45,45,19:19:19 NPK
80,45,45,19:19:19 NPK
85,45,45,19:19:19 NPK
90,45,45,19:19:19 NPK
95,45,45,19:19:19 NPK
100,45,45,19:19:19 NPK
60,55,55,19:19:19 NPK
65,55,55,19:19:19 NPK
70,55,55,19:19:19 NPK
75,55,55,19:19:19 NPK
80,55,55,19:19:19 NPK
85,55,55,19:19:19 NPK
90,55,55,19:19:19 NPK
95,55,55,Urea
100,55,55,Urea
60,60,60,Urea
65,60,60,Urea
70,60,60,Urea
75,60,60,Urea
80,60,60,Urea
85,60,60,Urea
90,60,60,Urea
95,60,60,Urea
100,60,60,Urea
60,45,40,Urea
65,45,40,Urea
70,45,40,Urea
75,45,40,Urea
80,45,40,Urea
85,45,40,Urea
90,45,40,Urea
95,45,40,Urea
100,45,40,Urea
60,50,45,Urea
65,50,45,Urea
70,50,45,Urea
75,50,45,Urea
80,50,45,Urea
85,50,45,19:19:19 NPK
90,50,45,19:19:19 NPK
95,50,45,19:19:19 NPK
100,50,45,19:19:19 NPK
60,60,55,19:19:19 NPK
65,60,55,19:19:19 NPK
70,60,55,19:19:19 NPK
75,60,55,19:19:19 NPK
80,60,55,19:19:19 NPK
85,60,55,19:19:19 NPK
90,60,55,19:19:19 NPK
95,60,55,19:19:19 NPK
100,60,55,19:19:19 NPK
60,50,40,19:19:19 NPK
65,50,40,19:19:19 NPK
70,50,40,19:19:19 NPK
75,50,40,19:19:19 NPK
80,50,40,19:19:19 NPK
85,50,40,19:19:19 NPK
90,50,40,19:19:19 NPK
95,50,40,19:19:19 NPK
100,50,40,19:19:19 NPK
60,60,50,19:19:19 NPK
65,60,50,19:19:19 NPK
70,60,50,19:19:19 NPK
75,60,50,Urea
80,60,50,Urea
85,60,50,Urea
90,60,50,Urea
95,60,50,Urea
100,60,50,Urea
60,40,55,Urea
65,40,55,Urea
70,40,55,Urea
75,40,55,Urea
80,40,55,Urea
85,40,55,Urea
90,40,55,Urea
95,40,55,Urea
100,40,55,Urea
60,45,60,Urea
65,45,60,Urea
70,45,60,Urea
75,45,60,Urea
80,45,60,Urea
85,45,60,Urea
90,45,60,Urea
95,45,60,Urea
100,45,60,Urea
60,55,40,Urea
65,55,40,19:19:19 NPK
70,55,40,19:19:19 NPK
75,55,40,19:19:19 NPK
80,55,40,19:19:19 NPK
85,55,40,19:19:19 NPK
90,55,40,19:19:19 NPK
95,55,40,19:19:19 NPK
100,55,40,19:19:19 NPK
60,60,45,19:19:19 NPK
65,60,45,19:19:19 NPK
70,60,45,19:19:19 NPK
75,60,45,19:19:19 NPK
80,60,45,19:19:19 NPK
85,60,45,19:19:19 NPK
90,60,45,19:19:19 NPK
95,60,45,19:19:19 NPK
100,60,45,19:19:19 NPK
60,40,50,19:19:19 NPK
65,40,50,19:19:19 NPK
70,40,50,19:19:19 NPK
75,40,50,19:19:19 NPK
80,40,50,19:19:19 NPK
85,40,50,19:19:19 NPK
90,40,50,19:19:19 NPK
95,40,50,19:19:19 NPK
100,40,50,Urea
60,45,55,Urea
65,45,55,Urea
70,45,55,Urea
75,45,55,Urea
80,45,55,Urea
85,45,55,Urea
90,45,55,Urea
95,45,55,Urea
100,45,55,Urea
60,50,60,Urea
65,50,60,Urea
70,50,60,Urea
75,50,60,Urea
80,50,60,Urea
85,50,60,Urea
90,50,60,Urea
95,50,60,Urea
100,50,60,Urea
60,60,40,Urea
65,60,40,Urea
70,60,40,Urea
75,60,40,Urea
80,60,40,Urea
85,60,40,Urea
90,60,40,19:19:19 NPK
95,60,40,19:19:19 NPK
100,60,40,19:19:19 NPK
60,40,45,19:19:19 NPK
65,40,45,19:19:19 NPK
70,40,45,19:19:19 NPK
75,40,45,19:19:19 NPK
80,40,45,19:19:19 NPK
85,40,45,19:19:19 NPK
90,40,45,19:19:19 NPK
95,40,45,19:19:19 NPK
100,40,45,19:19:19 NPK
60,45,50,19:19:19 NPK
65,45,50,19:19:19 NPK
70,45,50,19:19:19 NPK
75,45,50,19:19:19 NPK
80,45,50,19:19:19 NPK
85,45,50,19:19:19 NPK
90,45,50,19:19:19 NPK
95,45,50,19:19:19 NPK
100,45,50,19:19:19 NPK
60,50,55,19:19:19 NPK
65,50,55,19:19:19 NPK
70,50,55,19:19:19 NPK
75,50,55,19:19:19 NPK
80,50,55,Urea
85,50,55,Urea
90,50,55,Urea
95,50,55,Urea
100,50,55,Urea
60,55,60,Urea
65,55,60,Urea
70,55,60,Urea
75,55,60,Urea
80,55,60,Urea
85,55,60,Urea
90,55,60,Urea
95,55,60,Urea
100,55,60,Urea
20,20,30,Chilated Micronutrient
25,20,30,Chilated Micronutrient
30,20,30,Chilated Micronutrient
20,25,35,Chilated Micronutrient
25,25,35,Chilated Micronutrient
30,25,35,Chilated Micronutrient
20,20,40,Chilated Micronutrient
25,20,40,Chilated Micronutrient
30,20,40,Chilated Micronutrient
20,25,30,SSP
25,25,30,SSP
30,25,30,SSP
20,20,35,SSP
25,20,35,SSP
30,20,35,SSP
20,25,40,SSP
25,25,40,SSP
30,25,40,SSP
50,30,25,Chilated Micronutrient
55,30,25,Chilated Micronutrient
60,30,25,Chilated Micronutrient
50,35,30,Chilated Micronutrient
55,35,30,Chilated Micronutrient
60,35,30,Chilated Micronutrient
50,40,25,Chilated Micronutrient
55,40,25,Chilated Micronutrient
60,40,25,Chilated Micronutrient
50,30,30,SSP
55,30,30,SSP
60,30,30,SSP
50,35,25,SSP
55,35,25,SSP
60,35,25,SSP
50,40,30,SSP
55,40,30,SSP
60,40,30,SSP
40,20,20,Chilated Micronutrient
45,20,20,Chilated Micronutrient
50,20,20,Chilated Micronutrient
40,30,30,Chilated Micronutrient
45,30,30,Chilated Micronutrient
50,30,30,Chilated Micronutrient
40,30,20,Chilated Micronutrient
45,30,20,Chilated Micronutrient
50,30,20,Chilated Micronutrient
40,20,30,SSP
45,20,30,SSP
50,20,30,SSP
120,40,60,Urea
125,40,60,Urea
130,40,60,Urea
135,40,60,Urea
140,40,60,Urea
145,40,60,Urea
150,40,60,Urea
120,45,65,Urea
125,45,65,Urea
130,45,65,Urea
135,45,65,Urea
140,45,65,Urea
145,45,65,Urea
150,45,65,Urea
120,50,70,Urea
125,50,70,Urea
130,50,70,Urea
135,50,70,Urea
140,50,70,Urea
145,50,70,Urea
150,50,70,Urea
120,55,75,Urea
125,55,75,Urea
130,55,75,Urea
135,55,75,Urea
140,55,75,Urea
145,55,75,Urea
150,55,75,Urea
120,60,80,Urea
125,60,80,Urea
130,60,80,Urea
135,60,80,Urea
140,60,80,Urea
145,60,80,Urea
150,60,80,Urea
120,45,60,SSP
125,45,60,SSP
130,45,60,SSP
135,45,60,SSP
140,45,60,SSP
145,45,60,SSP
150,45,60,SSP
120,50,65,SSP
125,50,65,SSP
130,50,65,SSP
135,50,65,SSP
140,50,65,SSP
145,50,65,SSP
150,50,65,SSP
120,55,70,SSP
125,55,70,SSP
130,55,70,SSP
135,55,70,SSP
140,55,70,SSP
145,55,70,SSP
150,55,70,SSP
120,60,75,SSP
125,60,75,SSP
130,60,75,SSP
135,60,75,SSP
140,60,75,SSP
145,60,75,SSP
150,60,75,SSP
120,40,80,SSP
125,40,80,SSP
130,40,80,SSP
135,40,80,SSP
140,40,80,SSP
145,40,80,SSP
150,40,80,SSP
120,50,60,MOP
125,50,60,MOP
130,50,60,MOP
135,50,60,MOP
140,50,60,MOP
145,50,60,MOP
150,50,60,MOP
120,55,65,MOP
125,55,65,MOP
130,55,65,MOP
135,55,65,MOP
140,55,65,MOP
145,55,65,MOP
150,55,65,MOP
120,60,70,MOP
125,60,70,MOP
130,60,70,MOP
135,60,70,MOP
140,60,70,MOP
145,60,70,MOP
150,60,70,MOP
120,40,75,MOP
125,40,75,MOP
130,40,75,MOP
135,40,75,MOP
140,40,75,MOP
145,40,75,MOP
150,40,75,MOP
120,45,80,MOP
125,45,80,MOP
130,45,80,MOP
135,45,80,MOP
140,45,80,MOP
145,45,80,MOP
150,45,80,MOP
120,55,60,Urea
125,55,60,Urea
130,55,60,Urea
135,55,60,Urea
140,55,60,Urea
145,55,60,Urea
150,55,60,Urea
120,60,65,Urea
125,60,65,Urea
130,60,65,Urea
135,60,65,Urea
140,60,65,Urea
145,60,65,Urea
150,60,65,Urea
120,40,70,Urea
125,40,70,Urea
130,40,70,Urea
135,40,70,Urea
140,40,70,Urea
145,40,70,Urea
150,40,70,Urea
120,45,75,Urea
125,45,75,Urea
130,45,75,Urea
135,45,75,Urea
140,45,75,Urea
145,45,75,Urea
150,45,75,Urea
120,50,80,Urea
125,50,80,Urea
130,50,80,Urea
135,50,80,Urea
140,50,80,Urea
145,50,80,Urea
150,50,80,Urea
120,60,60,SSP
125,60,60,SSP
130,60,60,SSP
135,60,60,SSP
140,60,60,SSP
145,60,60,SSP
150,60,60,SSP
120,40,65,SSP
125,40,65,SSP
130,40,65,SSP
135,40,65,SSP
140,40,65,SSP
145,40,65,SSP
150,40,65,SSP
120,45,70,SSP
125,45,70,SSP
130,45,70,SSP
135,45,70,SSP
140,45,70,SSP
145,45,70,SSP
150,45,70,SSP
120,50,75,SSP
125,50,75,SSP
130,50,75,SSP
135,50,75,SSP
140,50,75,SSP
145,50,75,SSP
150,50,75,SSP
120,55,80,SSP
125,55,80,SSP
130,55,80,SSP
135,55,80,SSP
140,55,80,SSP
145,55,80,SSP
150,55,80,SSP
40,20,20,Urea
45,20,20,Urea
50,20,20,Urea
40,25,25,Urea
45,25,25,Urea
50,25,25,Urea
40,30,30,Urea
45,30,30,Urea
50,30,30,Urea
40,25,20,MOP
45,25,20,MOP
50,25,20,MOP
40,30,25,MOP
45,30,25,MOP
50,30,25,MOP
40,20,30,MOP
45,20,30,MOP
50,20,30,MOP
40,30,20,SSP
45,30,20,SSP
50,30,20,SSP
40,20,25,SSP
45,20,25,SSP
50,20,25,SSP
40,25,30,SSP
45,25,30,SSP
50,25,30,SSP
20,20,30,Urea
25,20,30,Urea
30,20,30,Urea
20,25,35,Urea
25,25,35,Urea
30,25,35,Urea
20,30,40,Urea
25,30,40,Urea
30,30,40,Urea
20,25,30,SSP
25,25,30,SSP
30,25,30,SSP
20,30,35,SSP
25,30,35,SSP
30,30,35,SSP
20,20,40,SSP
25,20,40,SSP
30,20,40,SSP
20,30,30,DAP
25,30,30,DAP
30,30,30,DAP
20,20,35,DAP
25,20,35,DAP
30,20,35,DAP
20,25,40,DAP
25,25,40,DAP
30,25,40,DAP
20,5,10,MOP
25,5,10,MOP
30,5,10,MOP
20,10,15,MOP
25,10,15,MOP
30,10,15,MOP
20,15,20,MOP
25,15,20,MOP
30,15,20,MOP
20,10,10,Urea
25,10,10,Urea
30,10,10,Urea
20,15,15,Urea
25,15,15,Urea
30,15,15,Urea
20,5,20,Urea
25,5,20,Urea
30,5,20,Urea
20,15,10,SSP
25,15,10,SSP
30,15,10,SSP
20,5,15,SSP
25,5,15,SSP
30,5,15,SSP
20,10,20,SSP
25,10,20,SSP
30,10,20,SSP
40,10,25,18:46:00 NPK
45,10,25,18:46:00 NPK
50,10,25,18:46:00 NPK
40,15,30,18:46:00 NPK
45,15,30,18:46:00 NPK
50,15,30,18:46:00 NPK
40,15,25,Sulphur
45,15,25,Sulphur
50,15,25,Sulphur
40,10,30,Sulphur
45,10,30,Sulphur
50,10,30,Sulphur
40,20,20,Urea
45,20,20,Urea
50,20,20,Urea
40,25,25,Urea
45,25,25,Urea
50,25,25,Urea
40,25,20,DAP
45,25,20,DAP
50,25,20,DAP
40,20,25,DAP
45,20,25,DAP
50,20,25,DAP
100,60,60,Magnesium Sulphate
105,60,60,Magnesium Sulphate
110,60,60,Magnesium Sulphate
115,60,60,Magnesium Sulphate
120,60,60,Magnesium Sulphate
100,65,65,Magnesium Sulphate
105,65,65,Magnesium Sulphate
110,65,65,Magnesium Sulphate
115,65,65,Magnesium Sulphate
120,65,65,Magnesium Sulphate
100,70,70,Magnesium Sulphate
105,70,70,Magnesium Sulphate
110,70,70,Magnesium Sulphate
115,70,70,Magnesium Sulphate
120,70,70,Magnesium Sulphate
100,75,75,Magnesium Sulphate
105,75,75,Magnesium Sulphate
110,75,75,Magnesium Sulphate
115,75,75,Magnesium Sulphate
120,75,75,Magnesium Sulphate
100,80,80,Magnesium Sulphate
105,80,80,Magnesium Sulphate
110,80,80,Magnesium Sulphate
115,80,80,Magnesium Sulphate
120,80,80,Magnesium Sulphate
100,65,60,DAP
105,65,60,DAP
110,65,60,DAP
115,65,60,DAP
120,65,60,DAP
100,70,65,DAP
105,70,65,DAP
110,70,65,DAP
115,70,65,DAP
120,70,65,DAP
100,75,70,DAP
105,75,70,DAP
110,75,70,DAP
115,75,70,DAP
120,75,70,DAP
100,80,75,DAP
105,80,75,DAP
110,80,75,DAP
115,80,75,DAP
120,80,75,DAP
100,60,80,DAP
105,60,80,DAP
110,60,80,DAP
115,60,80,DAP
120,60,80,DAP
100,70,60,12:32:16 NPK
105,70,60,12:32:16 NPK
110,70,60,12:32:16 NPK
115,70,60,12:32:16 NPK
120,70,60,12:32:16 NPK
100,75,65,12:32:16 NPK
105,75,65,12:32:16 NPK
110,75,65,12:32:16 NPK
115,75,65,12:32:16 NPK
120,75,65,12:32:16 NPK
100,80,70,12:32:16 NPK
105,80,70,12:32:16 NPK
110,80,70,12:32:16 NPK
115,80,70,12:32:16 NPK
120,80,70,12:32:16 NPK
100,60,75,12:32:16 NPK
105,60,75,12:32:16 NPK
110,60,75,12:32:16 NPK
115,60,75,12:32:16 NPK
120,60,75,12:32:16 NPK
100,65,80,12:32:16 NPK
105,65,80,12:32:16 NPK
110,65,80,12:32:16 NPK
115,65,80,12:32:16 NPK
120,65,80,12:32:16 NPK
100,75,60,Magnesium Sulphate
105,75,60,Magnesium Sulphate
110,75,60,Magnesium Sulphate
115,75,60,Magnesium Sulphate
120,75,60,Magnesium Sulphate
100,80,65,Magnesium Sulphate
105,80,65,Magnesium Sulphate
110,80,65,Magnesium Sulphate
115,80,65,Magnesium Sulphate
120,80,65,Magnesium Sulphate
100,60,70,Magnesium Sulphate
105,60,70,Magnesium Sulphate
110,60,70,Magnesium Sulphate
115,60,70,Magnesium Sulphate
120,60,70,Magnesium Sulphate
100,65,75,Magnesium Sulphate
105,65,75,Magnesium Sulphate
110,65,75,Magnesium Sulphate
115,65,75,Magnesium Sulphate
120,65,75,Magnesium Sulphate
100,70,80,Magnesium Sulphate
105,70,80,Magnesium Sulphate
110,70,80,Magnesium Sulphate
115,70,80,Magnesium Sulphate
120,70,80,Magnesium Sulphate
100,80,60,DAP
105,80,60,DAP
110,80,60,DAP
115,80,60,DAP
120,80,60,DAP
100,60,65,DAP
105,60,65,DAP
110,60,65,DAP
115,60,65,DAP
120,60,65,DAP
100,65,70,DAP
105,65,70,DAP
110,65,70,DAP
115,65,70,DAP
120,65,70,DAP
100,70,75,DAP
105,70,75,DAP
110,70,75,DAP
115,70,75,DAP
120,70,75,DAP
100,75,80,DAP
105,75,80,DAP
110,75,80,DAP
115,75,80,DAP
120,75,80,DAP
50,20,30,10:26:26 NPK
55,20,30,10:26:26 NPK
60,20,30,10:26:26 NPK
50,25,35,10:26:26 NPK
55,25,35,10:26:26 NPK
60,25,35,10:26:26 NPK
50,30,40,10:26:26 NPK
55,30,40,10:26:26 NPK
60,30,40,10:26:26 NPK
50,25,30,Urea
55,25,30,Urea
60,25,30,Urea
50,30,35,Urea
55,30,35,Urea
60,30,35,Urea
50,20,40,Urea
55,20,40,Urea
60,20,40,Urea
50,30,30,SSP
55,30,30,SSP
60,30,30,SSP
50,20,35,SSP
55,20,35,SSP
60,20,35,SSP
50,25,40,SSP
55,25,40,SSP
60,25,40,SSP
60,40,40,19:19:19 NPK
65,40,40,19:19:19 NPK
70,40,40,19:19:19 NPK
75,40,40,19:19:19 NPK
80,40,40,19:19:19 NPK
60,45,45,19:19:19 NPK
65,45,45,19:19:19 NPK
70,45,45,19:19:19 NPK
75,45,45,19:19:19 NPK
80,45,45,19:19:19 NPK
60,50,50,19:19:19 NPK
65,50,50,19:19:19 NPK
70,50,50,19:19:19 NPK
75,50,50,19:19:19 NPK
80,50,50,19:19:19 NPK
60,55,55,19:19:19 NPK
65,55,55,19:19:19 NPK
70,55,55,19:19:19 NPK
75,55,55,19:19:19 NPK
80,55,55,19:19:19 NPK
60,60,60,19:19:19 NPK
65,60,60,19:19:19 NPK
70,60,60,19:19:19 NPK
75,60,60,19:19:19 NPK
80,60,60,19:19:19 NPK
60,45,40,Urea
65,45,40,Urea
70,45,40,Urea
75,45,40,Urea
80,45,40,Urea
60,50,45,Urea
65,50,45,Urea
70,50,45,Urea
75,50,45,Urea
80,50,45,Urea
60,55,50,Urea
65,55,50,Urea
70,55,50,Urea
75,55,50,Urea
80,55,50,Urea
60,60,55,Urea
65,60,55,Urea
70,60,55,Urea
75,60,55,Urea
80,60,55,Urea
60,40,60,Urea
65,40,60,Urea
70,40,60,Urea
75,40,60,Urea
80,40,60,Urea
60,50,40,19:19:19 NPK
65,50,40,19:19:19 NPK
70,50,40,19:19:19 NPK
75,50,40,19:19:19 NPK
80,50,40,19:19:19 NPK
60,55,45,19:19:19 NPK
65,55,45,19:19:19 NPK
70,55,45,19:19:19 NPK
75,55,45,19:19:19 NPK
80,55,45,19:19:19 NPK
60,60,50,19:19:19 NPK
65,60,50,19:19:19 NPK
70,60,50,19:19:19 NPK
75,60,50,19:19:19 NPK
80,60,50,19:19:19 NPK
60,40,55,19:19:19 NPK
65,40,55,19:19:19 NPK
70,40,55,19:19:19 NPK
75,40,55,19:19:19 NPK
80,40,55,19:19:19 NPK
60,45,60,19:19:19 NPK
65,45,60,19:19:19 NPK
70,45,60,19:19:19 NPK
75,45,60,19:19:19 NPK
80,45,60,19:19:19 NPK
60,55,40,Urea
65,55,40,Urea
70,55,40,Urea
75,55,40,Urea
80,55,40,Urea
60,60,45,Urea
65,60,45,Urea
70,60,45,Urea
75,60,45,Urea
80,60,45,Urea
60,40,50,Urea
65,40,50,Urea
70,40,50,Urea
75,40,50,Urea
80,40,50,Urea
60,45,55,Urea
65,45,55,Urea
70,45,55,Urea
75,45,55,Urea
80,45,55,Urea
60,50,60,Urea
65,50,60,Urea
70,50,60,Urea
75,50,60,Urea
80,50,60,Urea
60,60,40,19:19:19 NPK
65,60,40,19:19:19 NPK
70,60,40,19:19:19 NPK
75,60,40,19:19:19 NPK
80,60,40,19:19:19 NPK
60,40,45,19:19:19 NPK
65,40,45,19:19:19 NPK
70,40,45,19:19:19 NPK
75,40,45,19:19:19 NPK
80,40,45,19:19:19 NPK
60,45,50,19:19:19 NPK
65,45,50,19:19:19 NPK
70,45,50,19:19:19 NPK
75,45,50,19:19:19 NPK
80,45,50,19:19:19 NPK
60,50,55,19:19:19 NPK
65,50,55,19:19:19 NPK
70,50,55,19:19:19 NPK
75,50,55,19:19:19 NPK
80,50,55,19:19:19 NPK
60,55,60,19:19:19 NPK
65,55,60,19:19:19 NPK
70,55,60,19:19:19 NPK
75,55,60,19:19:19 NPK
80,55,60,19:19:19 NPK
120,60,60,Urea
125,60,60,Urea
130,60,60,Urea
135,60,60,Urea
140,60,60,Urea
145,60,60,Urea
150,60,60,Urea
120,65,65,Urea
125,65,65,Urea
130,65,65,Urea
135,65,65,Urea
140,65,65,Urea
145,65,65,Urea
150,65,65,Urea
120,70,70,Urea
125,70,70,Urea
130,70,70,Urea
135,70,70,Urea
140,70,70,Urea
145,70,70,Urea
150,70,70,Urea
120,75,75,Urea
125,75,75,Urea
130,75,75,Urea
135,75,75,Urea
140,75,75,Urea
145,75,75,Urea
150,75,75,Urea
120,80,80,Urea
125,80,80,Urea
130,80,80,Urea
135,80,80,Urea
140,80,80,Urea
145,80,80,Urea
150,80,80,DAP
120,65,60,DAP
125,65,60,DAP
130,65,60,DAP
135,65,60,DAP
140,65,60,DAP
145,65,60,DAP
150,65,60,DAP
120,70,65,DAP
125,70,65,DAP
130,70,65,DAP
135,70,65,DAP
140,70,65,DAP
145,70,65,DAP
150,70,65,DAP
120,75,70,DAP
125,75,70,DAP
130,75,70,DAP
135,75,70,DAP
140,75,70,DAP
145,75,70,DAP
150,75,70,DAP
120,80,75,DAP
125,80,75,DAP
130,80,75,DAP
135,80,75,DAP
140,80,75,DAP
145,80,75,DAP
150,80,75,DAP
120,60,80,DAP
125,60,80,DAP
130,60,80,DAP
135,60,80,DAP
140,60,80,DAP
145,60,80,DAP
150,60,80,DAP
120,70,60,MOP
125,70,60,MOP
130,70,60,MOP
135,70,60,MOP
140,70,60,MOP
145,70,60,MOP
150,70,60,MOP
120,75,65,MOP
125,75,65,MOP
130,75,65,MOP
135,75,65,MOP
140,75,65,MOP
145,75,65,MOP
150,75,65,MOP
120,80,70,MOP
125,80,70,MOP
130,80,70,MOP
135,80,70,MOP
140,80,70,MOP
145,80,70,MOP
150,80,70,MOP
120,60,75,MOP
125,60,75,MOP
130,60,75,MOP
135,60,75,MOP
140,60,75,MOP
145,60,75,MOP
150,60,75,MOP
120,65,80,MOP
125,65,80,MOP
130,65,80,MOP
135,65,80,MOP
140,65,80,MOP
145,65,80,MOP
150,65,80,MOP
120,75,60,MOP
125,75,60,MOP
130,75,60,MOP
135,75,60,MOP
140,75,60,MOP
145,75,60,MOP
150,75,60,MOP
120,80,65,MOP
125,80,65,MOP
130,80,65,MOP
135,80,65,MOP
140,80,65,MOP
145,80,65,MOP
150,80,65,MOP
120,60,70,MOP
125,60,70,MOP
130,60,70,MOP
135,60,70,MOP
140,60,70,MOP
145,60,70,MOP
150,60,70,MOP
120,65,75,MOP
125,65,75,MOP
130,65,75,MOP
135,65,75,MOP
140,65,75,MOP
145,65,75,MOP
150,65,75,MOP
120,70,80,MOP
125,70,80,MOP
130,70,80,MOP
135,70,80,MOP
140,70,80,MOP
145,70,80,MOP
150,70,80,MOP
120,80,60,MOP
125,80,60,MOP
130,80,60,MOP
135,80,60,MOP
140,80,60,MOP
145,80,60,MOP
150,80,60,MOP
120,60,65,MOP
125,60,65,MOP
130,60,65,MOP
135,60,65,MOP
140,60,65,MOP
145,60,65,MOP
150,60,65,MOP
120,65,70,MOP
125,65,70,MOP
130,65,70,MOP
135,65,70,MOP
140,65,70,MOP
145,65,70,MOP
150,65,70,MOP
120,70,75,MOP
125,70,75,MOP
130,70,75,MOP
135,70,75,MOP
140,70,75,MOP
145,70,75,MOP
150,70,75,MOP
120,75,80,MOP
125,75,80,MOP
130,75,80,MOP
135,75,80,MOP
140,75,80,MOP
145,75,80,MOP
150,75,80,MOP
20,20,40,Chilated Micronutrient
25,20,40,Chilated Micronutrient
30,20,40,Chilated Micronutrient
20,25,45,Chilated Micronutrient
25,25,45,Chilated Micronutrient
30,25,45,Chilated Micronutrient
20,30,50,Chilated Micronutrient
25,30,50,Chilated Micronutrient
30,30,50,Chilated Micronutrient
20,35,55,Chilated Micronutrient
25,35,55,Chilated Micronutrient
30,35,55,Chilated Micronutrient
20,40,60,Chilated Micronutrient
25,40,60,Chilated Micronutrient
30,40,60,Chilated Micronutrient
20,25,40,SSP
25,25,40,SSP
30,25,40,SSP
20,30,45,SSP
25,30,45,SSP
30,30,45,SSP
20,35,50,SSP
25,35,50,SSP
30,35,50,SSP
20,40,55,SSP
25,40,55,SSP
30,40,55,SSP
20,20,60,SSP
25,20,60,SSP
30,20,60,SSP
20,30,40,Chilated Micronutrient
25,30,40,Chilated Micronutrient
30,30,40,Chilated Micronutrient
20,35,45,Chilated Micronutrient
25,35,45,Chilated Micronutrient
30,35,45,Chilated Micronutrient
20,40,50,Chilated Micronutrient
25,40,50,Chilated Micronutrient
30,40,50,Chilated Micronutrient
20,20,55,Chilated Micronutrient
25,20,55,Chilated Micronutrient
30,20,55,Chilated Micronutrient
20,25,60,Chilated Micronutrient
25,25,60,Chilated Micronutrient
30,25,60,Chilated Micronutrient
20,35,40,SSP
25,35,40,SSP
30,35,40,SSP
20,40,45,SSP
25,40,45,SSP
30,40,45,SSP
20,20,50,SSP
25,20,50,SSP
30,20,50,SSP
20,25,55,SSP
25,25,55,SSP
30,25,55,SSP
20,30,60,SSP
25,30,60,SSP
30,30,60,SSP
20,40,40,Chilated Micronutrient
25,40,40,Chilated Micronutrient
30,40,40,Chilated Micronutrient
20,20,45,Chilated Micronutrient
25,20,45,Chilated Micronutrient
30,20,45,Chilated Micronutrient
20,25,50,Chilated Micronutrient
25,25,50,Chilated Micronutrient
30,25,50,Chilated Micronutrient
20,30,55,Chilated Micronutrient
25,30,55,Chilated Micronutrient
30,30,55,Chilated Micronutrient
20,35,60,Chilated Micronutrient
25,35,60,Chilated Micronutrient
30,35,60,Chilated Micronutrient
40,20,30,Urea
45,20,30,Urea
50,20,30,Urea
55,20,30,Urea
60,20,30,Urea
40,25,35,Urea
45,25,35,Urea
50,25,35,Urea
55,25,35,Urea
60,25,35,Urea
40,30,40,Urea
45,30,40,Urea
50,30,40,Urea
55,30,40,Urea
60,30,40,Urea
40,25,30,20:20:20 NPK
45,25,30,20:20:20 NPK
50,25,30,20:20:20 NPK
55,25,30,20:20:20 NPK
60,25,30,20:20:20 NPK
40,30,35,20:20:20 NPK
45,30,35,20:20:20 NPK
50,30,35,20:20:20 NPK
55,30,35,20:20:20 NPK
60,30,35,20:20:20 NPK
40,20,40,20:20:20 NPK
45,20,40,20:20:20 NPK
50,20,40,20:20:20 NPK
55,20,40,20:20:20 NPK
60,20,40,20:20:20 NPK
40,30,30,SSP
45,30,30,SSP
50,30,30,SSP
55,30,30,SSP
60,30,30,SSP
40,20,35,SSP
45,20,35,SSP
50,20,35,SSP
55,20,35,SSP
60,20,35,SSP
40,25,40,SSP
45,25,40,SSP
50,25,40,SSP
55,25,40,SSP
60,25,40,SSP
20,20,40,DAP
25,20,40,DAP
30,20,40,DAP
20,25,45,DAP
25,25,45,DAP
30,25,45,DAP
20,30,50,DAP
25,30,50,DAP
30,30,50,DAP
20,25,40,MOP
25,25,40,MOP
30,25,40,MOP
20,30,45,MOP
25,30,45,MOP
30,30,45,MOP
20,20,50,MOP
25,20,50,MOP
30,20,50,MOP
20,30,40,DAP
25,30,40,DAP
30,30,40,DAP
20,20,45,DAP
25,20,45,DAP
30,20,45,DAP
20,25,50,DAP
25,25,50,DAP
30,25,50,DAP
30,20,20,Urea
35,20,20,Urea
40,20,20,Urea
30,25,25,Urea
35,25,25,Urea
40,25,25,Urea
30,20,30,Urea
35,20,30,Urea
40,20,30,Urea
30,25,20,MOP
35,25,20,MOP
40,25,20,MOP
30,20,25,MOP
35,20,25,MOP
40,20,25,MOP
30,25,30,MOP
35,25,30,MOP
40,25,30,MOP
60,20,30,Urea
65,20,30,Urea
70,20,30,Urea
75,20,30,Urea
80,20,30,Urea
60,25,35,Urea
65,25,35,Urea
70,25,35,Urea
75,25,35,Urea
80,25,35,Urea
60,30,40,Urea
65,30,40,Urea
70,30,40,Urea
75,30,40,Urea
80,30,40,Urea
60,25,30,SSP
65,25,30,SSP
70,25,30,SSP
75,25,30,SSP
80,25,30,SSP
60,30,35,SSP
65,30,35,SSP
70,30,35,SSP
75,30,35,SSP
80,30,35,SSP
60,20,40,SSP
65,20,40,SSP
70,20,40,SSP
75,20,40,SSP
80,20,40,SSP
60,30,30,DAP
65,30,30,DAP
70,30,30,DAP
75,30,30,DAP
80,30,30,DAP
60,20,35,DAP
65,20,35,DAP
70,20,35,DAP
75,20,35,DAP
80,20,35,DAP
60,25,40,DAP
65,25,40,DAP
70,25,40,DAP
75,25,40,DAP
80,25,40,DAP
60,20,30,MOP
65,20,30,MOP
70,20,30,MOP
75,20,30,MOP
80,20,30,MOP
60,25,35,MOP
65,25,35,MOP
70,25,35,MOP
75,25,35,MOP
80,25,35,MOP
60,30,40,MOP
65,30,40,MOP
70,30,40,MOP
75,30,40,MOP
80,30,40,MOP
60,25,30,Urea
65,25,30,Urea
70,25,30,Urea
75,25,30,Urea
80,25,30,Urea
60,30,35,Urea
65,30,35,Urea
70,30,35,Urea
75,30,35,Urea
80,30,35,Urea
60,20,40,Urea
65,20,40,Urea
70,20,40,Urea
75,20,40,Urea
80,20,40,Urea
60,30,30,SSP
65,30,30,SSP
70,30,30,SSP
75,30,30,SSP
80,30,30,SSP
60,20,35,SSP
65,20,35,SSP
70,20,35,SSP
75,20,35,SSP
80,20,35,SSP
60,25,40,SSP
65,25,40,SSP
70,25,40,SSP
75,25,40,SSP
80,25,40,SSP
50,20,30,Urea
55,20,30,Urea
60,20,30,Urea
50,25,35,Urea
55,25,35,Urea
60,25,35,Urea
50,20,40,Urea
55,20,40,Urea
60,20,40,Urea
50,25,30,SSP
55,25,30,SSP
60,25,30,SSP
50,20,35,SSP
55,20,35,SSP
60,20,35,SSP
50,25,40,SSP
55,25,40,SSP
60,25,40,SSP
40,10,25,DAP
45,10,25,DAP
50,10,25,DAP
40,15,30,DAP
45,15,30,DAP
50,15,30,DAP
40,15,25,MOP
45,15,25,MOP
50,15,25,MOP
40,10,30,MOP
45,10,30,MOP
50,10,30,MOP
80,40,40,Urea
85,40,40,Urea
90,40,40,Urea
95,40,40,Urea
100,40,40,Urea
105,40,40,Urea
110,40,40,Urea
115,40,40,Urea
120,40,40,Urea
80,45,45,Urea
85,45,45,Urea
90,45,45,Urea
95,45,45,Urea
100,45,45,Urea
105,45,45,Urea
110,45,45,Urea
115,45,45,Urea
120,45,45,Urea
80,50,50,Urea
85,50,50,Urea
90,50,50,Urea
95,50,50,Urea
100,50,50,Urea
105,50,50,Urea
110,50,50,Urea
115,50,50,Urea
120,50,50,Urea
80,55,55,Urea
85,55,55,Urea
90,55,55,Urea
95,55,55,Urea
100,55,55,Urea
105,55,55,Urea
110,55,55,Urea
115,55,55,Urea
120,55,55,Urea
80,60,60,Urea
85,60,60,Urea
90,60,60,Urea
95,60,60,Urea
100,60,60,Urea
105,60,60,Urea
110,60,60,Urea
115,60,60,Urea
120,60,60,Urea
80,45,40,50:26:26 NPK
85,45,40,50:26:26 NPK
90,45,40,50:26:26 NPK
95,45,40,50:26:26 NPK
100,45,40,50:26:26 NPK
105,45,40,50:26:26 NPK
110,45,40,50:26:26 NPK
115,45,40,50:26:26 NPK
120,45,40,50:26:26 NPK
80,50,45,50:26:26 NPK
85,50,45,50:26:26 NPK
90,50,45,50:26:26 NPK
95,50,45,50:26:26 NPK
100,50,45,50:26:26 NPK
105,50,45,50:26:26 NPK
110,50,45,50:26:26 NPK
115,50,45,50:26:26 NPK
120,50,45,50:26:26 NPK
80,55,50,50:26:26 NPK
85,55,50,50:26:26 NPK
90,55,50,50:26:26 NPK
95,55,50,50:26:26 NPK
100,55,50,50:26:26 NPK
105,55,50,50:26:26 NPK
110,55,50,50:26:26 NPK
115,55,50,50:26:26 NPK
120,55,50,50:26:26 NPK
80,60,55,50:26:26 NPK
85,60,55,50:26:26 NPK
90,60,55,50:26:26 NPK
95,60,55,50:26:26 NPK
100,60,55,50:26:26 NPK
105,60,55,50:26:26 NPK
110,60,55,50:26:26 NPK
115,60,55,50:26:26 NPK
120,60,55,50:26:26 NPK
80,40,60,50:26:26 NPK
85,40,60,50:26:26 NPK
90,40,60,50:26:26 NPK
95,40,60,50:26:26 NPK
100,40,60,50:26:26 NPK
105,40,60,50:26:26 NPK
110,40,60,50:26:26 NPK
115,40,60,50:26:26 NPK
120,40,60,50:26:26 NPK
80,50,40,Urea
85,50,40,Urea
90,50,40,Urea
95,50,40,Urea
100,50,40,Urea
105,50,40,Urea
110,50,40,Urea
115,50,40,Urea
120,50,40,Urea
80,55,45,Urea
85,55,45,Urea
90,55,45,Urea
95,55,45,Urea
100,55,45,Urea
105,55,45,Urea
110,55,45,Urea
115,55,45,Urea
120,55,45,Urea
80,60,50,Urea
85,60,50,Urea
90,60,50,Urea
95,60,50,Urea
100,60,50,Urea
105,60,50,Urea
110,60,50,Urea
115,60,50,Urea
120,60,50,Urea
80,40,55,Urea
85,40,55,Urea
90,40,55,Urea
95,40,55,Urea
100,40,55,Urea
105,40,55,Urea
110,40,55,Urea
115,40,55,Urea
120,40,55,Urea
80,45,60,Urea
85,45,60,Urea
90,45,60,Urea
95,45,60,Urea
100,45,60,Urea
105,45,60,Urea
110,45,60,Urea
115,45,60,Urea
120,45,60,Urea
80,55,40,50:26:26 NPK
85,55,40,50:26:26 NPK
90,55,40,50:26:26 NPK
95,55,40,50:26:26 NPK
100,55,40,50:26:26 NPK
105,55,40,50:26:26 NPK
110,55,40,50:26:26 NPK
115,55,40,50:26:26 NPK
120,55,40,50:26:26 NPK
80,60,45,50:26:26 NPK
85,60,45,50:26:26 NPK
90,60,45,50:26:26 NPK
95,60,45,50:26:26 NPK
100,60,45,50:26:26 NPK
105,60,45,50:26:26 NPK
110,60,45,50:26:26 NPK
115,60,45,50:26:26 NPK
120,60,45,50:26:26 NPK
80,40,50,50:26:26 NPK
85,40,50,50:26:26 NPK
90,40,50,50:26:26 NPK
95,40,50,50:26:26 NPK
100,40,50,50:26:26 NPK
105,40,50,50:26:26 NPK
110,40,50,50:26:26 NPK
115,40,50,50:26:26 NPK
120,40,50,50:26:26 NPK
80,45,55,50:26:26 NPK
85,45,55,50:26:26 NPK
90,45,55,50:26:26 NPK
95,45,55,50:26:26 NPK
100,45,55,50:26:26 NPK
105,45,55,50:26:26 NPK
110,45,55,50:26:26 NPK
115,45,55,50:26:26 NPK
120,45,55,50:26:26 NPK
80,50,60,50:26:26 NPK
85,50,60,50:26:26 NPK
90,50,60,50:26:26 NPK
95,50,60,50:26:26 NPK
100,50,60,50:26:26 NPK
105,50,60,50:26:26 NPK
110,50,60,50:26:26 NPK
115,50,60,50:26:26 NPK
120,50,60,50:26:26 NPK
80,60,40,Urea
85,60,40,Urea
90,60,40,Urea
95,60,40,Urea
100,60,40,Urea
105,60,40,Urea
110,60,40,Urea
115,60,40,Urea
120,60,40,Urea
80,40,45,Urea
85,40,45,Urea
90,40,45,Urea
95,40,45,Urea
100,40,45,Urea
105,40,45,Urea
110,40,45,Urea
115,40,45,Urea
120,40,45,Urea
80,45,50,Urea
85,45,50,Urea
90,45,50,Urea
95,45,50,Urea
100,45,50,Urea
105,45,50,Urea
110,45,50,Urea
115,45,50,Urea
120,45,50,Urea
80,50,55,Urea
85,50,55,Urea
90,50,55,Urea
95,50,55,Urea
100,50,55,Urea
105,50,55,Urea
110,50,55,Urea
115,50,55,Urea
120,50,55,Urea
80,55,60,Urea
85,55,60,Urea
90,55,60,Urea
95,55,60,Urea
100,55,60,Urea
105,55,60,Urea
110,55,60,Urea
115,55,60,Urea
120,55,60,Urea
40,20,20,10:26:26 NPK
45,20,20,10:26:26 NPK
50,20,20,10:26:26 NPK
55,20,20,10:26:26 NPK
60,20,20,10:26:26 NPK
40,25,25,10:26:26 NPK
45,25,25,10:26:26 NPK
50,25,25,10:26:26 NPK
55,25,25,10:26:26 NPK
60,25,25,10:26:26 NPK
40,30,30,10:26:26 NPK
45,30,30,10:26:26 NPK
50,30,30,10:26:26 NPK
55,30,30,10:26:26 NPK
60,30,30,10:26:26 NPK
40,35,35,10:26:26 NPK
45,35,35,10:26:26 NPK
50,35,35,10:26:26 NPK
55,35,35,10:26:26 NPK
60,35,35,10:26:26 NPK
40,40,40,10:26:26 NPK
45,40,40,10:26:26 NPK
50,40,40,10:26:26 NPK
55,40,40,10:26:26 NPK
60,40,40,10:26:26 NPK
40,25,20,Urea
45,25,20,Urea
50,25,20,Urea
55,25,20,Urea
60,25,20,Urea
40,30,25,Urea
45,30,25,Urea
50,30,25,Urea
55,30,25,Urea
60,30,25,Urea
40,35,30,Urea
45,35,30,Urea
50,35,30,Urea
55,35,30,Urea
60,35,30,Urea
40,40,35,Urea
45,40,35,Urea
50,40,35,Urea
55,40,35,Urea
60,40,35,Urea
40,20,40,Urea
45,20,40,Urea
50,20,40,Urea
55,20,40,Urea
60,20,40,Urea
40,30,20,SSP
45,30,20,SSP
50,30,20,SSP
55,30,20,SSP
60,30,20,SSP
40,35,25,SSP
45,35,25,SSP
50,35,25,SSP
55,35,25,SSP
60,35,25,SSP
40,40,30,SSP
45,40,30,SSP
50,40,30,SSP
55,40,30,SSP
60,40,30,SSP
40,20,35,SSP
45,20,35,SSP
50,20,35,SSP
55,20,35,SSP
60,20,35,SSP
40,25,40,SSP
45,25,40,SSP
50,25,40,SSP
55,25,40,SSP
60,25,40,SSP
40,35,20,10:26:26 NPK
45,35,20,10:26:26 NPK
50,35,20,10:26:26 NPK
55,35,20,10:26:26 NPK
60,35,20,10:26:26 NPK
40,40,25,10:26:26 NPK
45,40,25,10:26:26 NPK
50,40,25,10:26:26 NPK
55,40,25,10:26:26 NPK
60,40,25,10:26:26 NPK
40,20,30,10:26:26 NPK
45,20,30,10:26:26 NPK
50,20,30,10:26:26 NPK
55,20,30,10:26:26 NPK
60,20,30,10:26:26 NPK
40,25,35,10:26:26 NPK
45,25,35,10:26:26 NPK
50,25,35,10:26:26 NPK
55,25,35,10:26:26 NPK
60,25,35,10:26:26 NPK
40,30,40,10:26:26 NPK
45,30,40,10:26:26 NPK
50,30,40,10:26:26 NPK
55,30,40,10:26:26 NPK
60,30,40,10:26:26 NPK
40,40,20,Urea
45,40,20,Urea
50,40,20,Urea
55,40,20,Urea
60,40,20,Urea
40,20,25,Urea
45,20,25,Urea
50,20,25,Urea
55,20,25,Urea
60,20,25,Urea
40,25,30,Urea
45,25,30,Urea
50,25,30,Urea
55,25,30,Urea
60,25,30,Urea
40,30,35,Urea
45,30,35,Urea
50,30,35,Urea
55,30,35,Urea
60,30,35,Urea
40,35,40,Urea
45,35,40,Urea
50,35,40,Urea
55,35,40,Urea
60,35,40,Urea
120,120,60,Urea
125,120,60,Urea
130,120,60,Urea
135,120,60,Urea
140,120,60,Urea
145,120,60,Urea
150,120,60,Urea
120,125,65,Urea
125,125,65,Urea
130,125,65,Urea
135,125,65,Urea
140,125,65,Urea
145,125,65,Urea
150,125,65,Urea
120,130,70,Urea
125,130,70,Urea
130,130,70,Urea
135,130,70,Urea
140,130,70,Urea
145,130,70,Urea
150,130,70,Urea
120,135,75,Urea
125,135,75,Urea
130,135,75,Urea
135,135,75,Urea
140,135,75,Urea
145,135,75,Urea
150,135,75,Urea
120,140,80,Urea
125,140,80,Urea
130,140,80,Urea
135,140,80,Urea
140,140,80,Urea
145,140,80,Urea
150,140,80,Urea
120,145,85,Urea
125,145,85,Urea
130,145,85,Urea
135,145,85,Urea
140,145,85,Urea
145,145,85,Urea
150,145,85,Urea
120,150,90,Urea
125,150,90,Urea
130,150,90,Urea
135,150,90,Urea
140,150,90,Urea
145,150,90,Urea
150,150,90,Urea
120,125,60,DAP
125,125,60,DAP
130,125,60,DAP
135,125,60,DAP
140,125,60,DAP
145,125,60,DAP
150,125,60,DAP
120,130,65,DAP
125,130,65,DAP
130,130,65,DAP
135,130,65,DAP
140,130,65,DAP
145,130,65,DAP
150,130,65,DAP
120,135,70,DAP
125,135,70,DAP
130,135,70,DAP
135,135,70,DAP
140,135,70,DAP
145,135,70,DAP
150,135,70,DAP
120,140,75,DAP
125,140,75,DAP
130,140,75,DAP
135,140,75,DAP
140,140,75,DAP
145,140,75,DAP
150,140,75,DAP
120,145,80,DAP
125,145,80,DAP
130,145,80,DAP
135,145,80,DAP
140,145,80,DAP
145,145,80,DAP
150,145,80,DAP
120,150,85,DAP
125,150,85,DAP
130,150,85,DAP
135,150,85,DAP
140,150,85,DAP
145,150,85,DAP
150,150,85,DAP
120,120,90,DAP
125,120,90,DAP
130,120,90,DAP
135,120,90,DAP
140,120,90,DAP
145,120,90,DAP
150,120,90,DAP
120,130,60,MOP
125,130,60,MOP
130,130,60,MOP
135,130,60,MOP
140,130,60,MOP
145,130,60,MOP
150,130,60,MOP
120,135,65,MOP
125,135,65,MOP
130,135,65,MOP
135,135,65,MOP
140,135,65,MOP
145,135,65,MOP
150,135,65,MOP
120,140,70,MOP
125,140,70,MOP
130,140,70,MOP
135,140,70,MOP
140,140,70,MOP
145,140,70,MOP
150,140,70,MOP
120,145,75,MOP
125,145,75,MOP
130,145,75,MOP
135,145,75,MOP
140,145,75,MOP
145,145,75,MOP
150,145,75,MOP
120,150,80,MOP
125,150,80,MOP
130,150,80,MOP
135,150,80,MOP
140,150,80,MOP
145,150,80,MOP
150,150,80,MOP
120,120,85,MOP
125,120,85,MOP
130,120,85,MOP
135,120,85,MOP
140,120,85,MOP
145,120,85,MOP
150,120,85,MOP
120,125,90,MOP
125,125,90,MOP
130,125,90,MOP
135,125,90,MOP
140,125,90,MOP
145,125,90,MOP
150,125,90,MOP
120,135,60,Urea
125,135,60,Urea
130,135,60,Urea
135,135,60,Urea
140,135,60,Urea
145,135,60,Urea
150,135,60,Urea
120,140,65,Urea
125,140,65,Urea
130,140,65,Urea
135,140,65,Urea
140,140,65,Urea
145,140,65,Urea
150,140,65,Urea
120,145,70,Urea
125,145,70,Urea
130,145,70,Urea
135,145,70,Urea
140,145,70,Urea
145,145,70,Urea
150,145,70,Urea
120,150,75,Urea
125,150,75,Urea
130,150,75,Urea
135,150,75,Urea
140,150,75,Urea
145,150,75,Urea
150,150,75,Urea
120,120,80,Urea
125,120,80,Urea
130,120,80,Urea
135,120,80,Urea
140,120,80,Urea
145,120,80,Urea
150,120,80,Urea
120,125,85,Urea
125,125,85,Urea
130,125,85,Urea
135,125,85,Urea
140,125,85,Urea
145,125,85,Urea
150,125,85,Urea
120,130,90,Urea
125,130,90,Urea
130,130,90,Urea
135,130,90,Urea
140,130,90,Urea
145,130,90,Urea
150,130,90,Urea
120,140,60,DAP
125,140,60,DAP
130,140,60,DAP
135,140,60,DAP
140,140,60,DAP
145,140,60,DAP
150,140,60,DAP
120,145,65,DAP
125,145,65,DAP
130,145,65,DAP
135,145,65,DAP
140,145,65,DAP
145,145,65,DAP
150,145,65,DAP
120,150,70,DAP
125,150,70,DAP
130,150,70,DAP
135,150,70,DAP
140,150,70,DAP
145,150,70,DAP
150,150,70,DAP
120,120,75,DAP
125,120,75,DAP
130,120,75,DAP
135,120,75,DAP
140,120,75,DAP
145,120,75,DAP
150,120,75,DAP
120,125,80,DAP
125,125,80,DAP
130,125,80,DAP
135,125,80,DAP
140,125,80,DAP
145,125,80,DAP
150,125,80,DAP
120,130,85,DAP
125,130,85,DAP
130,130,85,DAP
135,130,85,DAP
140,130,85,DAP
145,130,85,DAP
150,130,85,DAP
120,135,90,DAP
125,135,90,DAP
130,135,90,DAP
135,135,90,DAP
140,135,90,DAP
145,135,90,DAP
150,135,90,DAP
120,145,60,MOP
125,145,60,MOP
130,145,60,MOP
135,145,60,MOP
140,145,60,MOP
145,145,60,MOP
150,145,60,MOP
120,150,65,MOP
125,150,65,MOP
130,150,65,MOP
135,150,65,MOP
140,150,65,MOP
145,150,65,MOP
150,150,65,MOP
120,120,70,MOP
125,120,70,MOP
130,120,70,MOP
135,120,70,MOP
140,120,70,MOP
145,120,70,MOP
150,120,70,MOP
120,125,75,MOP
125,125,75,MOP
130,125,75,MOP
135,125,75,MOP
140,125,75,MOP
145,125,75,MOP
150,125,75,MOP
120,130,80,MOP
125,130,80,MOP
130,130,80,MOP
135,130,80,MOP
140,130,80,MOP
145,130,80,MOP
150,130,80,MOP
120,135,85,MOP
125,135,85,MOP
130,135,85,MOP
135,135,85,MOP
140,135,85,MOP
145,135,85,MOP
150,135,85,MOP
120,140,90,MOP
125,140,90,MOP
130,140,90,MOP
135,140,90,MOP
140,140,90,MOP
145,140,90,MOP
150,140,90,MOP
120,150,60,Urea
125,150,60,Urea
130,150,60,Urea
135,150,60,Urea
140,150,60,Urea
145,150,60,Urea
150,150,60,Urea
120,120,65,Urea
125,120,65,Urea
130,120,65,Urea
135,120,65,Urea
140,120,65,Urea
145,120,65,Urea
150,120,65,Urea
120,125,70,Urea
125,125,70,Urea
130,125,70,Urea
135,125,70,Urea
140,125,70,Urea
145,125,70,Urea
150,125,70,Urea
120,130,75,Urea
125,130,75,Urea
130,130,75,Urea
135,130,75,Urea
140,130,75,Urea
145,130,75,Urea
150,130,75,Urea
120,135,80,Urea
125,135,80,Urea
130,135,80,Urea
135,135,80,Urea
140,135,80,Urea
145,135,80,Urea
150,135,80,Urea
120,140,85,Urea
125,140,85,Urea
130,140,85,Urea
135,140,85,Urea
140,140,85,Urea
145,140,85,Urea
150,140,85,Urea
120,145,90,Urea
125,145,90,Urea
130,145,90,Urea
135,145,90,Urea
140,145,90,Urea
145,145,90,Urea
150,145,90,Urea
40,60,40,Urea
45,60,40,Urea
50,60,40,Urea
55,60,40,Urea
60,60,40,Urea
40,65,45,Urea
45,65,45,Urea
50,65,45,Urea
55,65,45,Urea
60,65,45,Urea
40,70,50,Urea
45,70,50,Urea
50,70,50,Urea
55,70,50,Urea
60,70,50,Urea
40,75,55,Urea
45,75,55,Urea
50,75,55,Urea
55,75,55,Urea
60,75,55,Urea
40,80,60,Urea
45,80,60,Urea
50,80,60,Urea
55,80,60,Urea
60,80,60,Urea
40,65,40,Ammonium Sulphate
45,65,40,Ammonium Sulphate
50,65,40,Ammonium Sulphate
55,65,40,Ammonium Sulphate
60,65,40,Ammonium Sulphate
40,70,45,Ammonium Sulphate
45,70,45,Ammonium Sulphate
50,70,45,Ammonium Sulphate
55,70,45,Ammonium Sulphate
60,70,45,Ammonium Sulphate
40,75,50,Ammonium Sulphate
45,75,50,Ammonium Sulphate
50,75,50,Ammonium Sulphate
55,75,50,Ammonium Sulphate
60,75,50,Ammonium Sulphate
40,80,55,Ammonium Sulphate
45,80,55,Ammonium Sulphate
50,80,55,Ammonium Sulphate
55,80,55,Ammonium Sulphate
60,80,55,Ammonium Sulphate
40,60,60,Ammonium Sulphate
45,60,60,Ammonium Sulphate
50,60,60,Ammonium Sulphate
55,60,60,Ammonium Sulphate
60,60,60,Ammonium Sulphate
40,70,40,DAP
45,70,40,DAP
50,70,40,DAP
55,70,40,DAP
60,70,40,DAP
40,75,45,DAP
45,75,45,DAP
50,75,45,DAP
55,75,45,DAP
60,75,45,DAP
40,80,50,DAP
45,80,50,DAP
50,80,50,DAP
55,80,50,DAP
60,80,50,DAP
40,60,55,DAP
45,60,55,DAP
50,60,55,DAP
55,60,55,DAP
60,60,55,DAP
40,65,60,DAP
45,65,60,DAP
50,65,60,DAP
55,65,60,DAP
60,65,60,DAP
40,75,40,Urea
45,75,40,Urea
50,75,40,Urea
55,75,40,Urea
60,75,40,Urea
40,80,45,Urea
45,80,45,Urea
50,80,45,Urea
55,80,45,Urea
60,80,45,Urea
40,60,50,Urea
45,60,50,Urea
50,60,50,Urea
55,60,50,Urea
60,60,50,Urea
40,65,55,Urea
45,65,55,Urea
50,65,55,Urea
55,65,55,Urea
60,65,55,Urea
40,70,60,Urea
45,70,60,Urea
50,70,60,Urea
55,70,60,Urea
60,70,60,Urea
40,80,40,Ammonium Sulphate
45,80,40,Ammonium Sulphate
50,80,40,Ammonium Sulphate
55,80,40,Ammonium Sulphate
60,80,40,Ammonium Sulphate
40,60,45,Ammonium Sulphate
45,60,45,Ammonium Sulphate
50,60,45,Ammonium Sulphate
55,60,45,Ammonium Sulphate
60,60,45,Ammonium Sulphate
40,65,50,Ammonium Sulphate
45,65,50,Ammonium Sulphate
50,65,50,Ammonium Sulphate
55,65,50,Ammonium Sulphate
60,65,50,Ammonium Sulphate
40,70,55,Ammonium Sulphate
45,70,55,Ammonium Sulphate
50,70,55,Ammonium Sulphate
55,70,55,Ammonium Sulphate
60,70,55,Ammonium Sulphate
40,75,60,Ammonium Sulphate
45,75,60,Ammonium Sulphate
50,75,60,Ammonium Sulphate
55,75,60,Ammonium Sulphate
60,75,60,Ammonium Sulphate
50,40,50,Urea
55,40,50,Urea
60,40,50,Urea
50,45,55,Urea
55,45,55,Urea
60,45,55,Urea
50,50,60,Urea
55,50,60,Urea
60,50,60,Urea
50,45,50,Ferrous Sulphate
55,45,50,Ferrous Sulphate
60,45,50,Ferrous Sulphate
50,50,55,Ferrous Sulphate
55,50,55,Ferrous Sulphate
60,50,55,Ferrous Sulphate
50,40,60,Ferrous Sulphate
55,40,60,Ferrous Sulphate
60,40,60,Ferrous Sulphate
50,50,50,White Potash
55,50,50,White Potash
60,50,50,White Potash
50,40,55,White Potash
55,40,55,White Potash
60,40,55,White Potash
50,45,60,White Potash
55,45,60,White Potash
60,45,60,White Potash
60,40,40,19:19:19 NPK
65,40,40,19:19:19 NPK
70,40,40,19:19:19 NPK
75,40,40,19:19:19 NPK
80,40,40,19:19:19 NPK
60,45,45,19:19:19 NPK
65,45,45,19:19:19 NPK
70,45,45,19:19:19 NPK
75,45,45,19:19:19 NPK
80,45,45,19:19:19 NPK
60,50,50,19:19:19 NPK
65,50,50,19:19:19 NPK
70,50,50,19:19:19 NPK
75,50,50,19:19:19 NPK
80,50,50,19:19:19 NPK
60,55,55,19:19:19 NPK
65,55,55,19:19:19 NPK
70,55,55,19:19:19 NPK
75,55,55,19:19:19 NPK
80,55,55,19:19:19 NPK
60,60,60,19:19:19 NPK
65,60,60,19:19:19 NPK
70,60,60,19:19:19 NPK
75,60,60,19:19:19 NPK
80,60,60,19:19:19 NPK
60,45,40,Urea
65,45,40,Urea
70,45,40,Urea
75,45,40,Urea
80,45,40,Urea
60,50,45,Urea
65,50,45,Urea
70,50,45,Urea
75,50,45,Urea
80,50,45,Urea
60,55,50,Urea
65,55,50,Urea
70,55,50,Urea
75,55,50,Urea
80,55,50,Urea
60,60,55,Urea
65,60,55,Urea
70,60,55,Urea
75,60,55,Urea
80,60,55,Urea
60,40,60,Urea
65,40,60,Urea
70,40,60,Urea
75,40,60,Urea
80,40,60,Urea
60,50,40,19:19:19 NPK
65,50,40,19:19:19 NPK
70,50,40,19:19:19 NPK
75,50,40,19:19:19 NPK
80,50,40,19:19:19 NPK
60,55,45,19:19:19 NPK
65,55,45,19:19:19 NPK
70,55,45,19:19:19 NPK
75,55,45,19:19:19 NPK
80,55,45,19:19:19 NPK
60,60,50,19:19:19 NPK
65,60,50,19:19:19 NPK
70,60,50,19:19:19 NPK
75,60,50,19:19:19 NPK
80,60,50,19:19:19 NPK
60,40,55,19:19:19 NPK
65,40,55,19:19:19 NPK
70,40,55,19:19:19 NPK
75,40,55,19:19:19 NPK
80,40,55,19:19:19 NPK
60,45,60,19:19:19 NPK
65,45,60,19:19:19 NPK
70,45,60,19:19:19 NPK
75,45,60,19:19:19 NPK
80,45,60,19:19:19 NPK
60,55,40,Urea
65,55,40,Urea
70,55,40,Urea
75,55,40,Urea
80,55,40,Urea
60,60,45,Urea
65,60,45,Urea
70,60,45,Urea
75,60,45,Urea
80,60,45,Urea
60,40,50,Urea
65,40,50,Urea
70,40,50,Urea
75,40,50,Urea
80,40,50,Urea
60,45,55,Urea
65,45,55,Urea
70,45,55,Urea
75,45,55,Urea
80,45,55,Urea
60,50,60,Urea
65,50,60,Urea
70,50,60,Urea
75,50,60,Urea
80,50,60,Urea
60,60,40,19:19:19 NPK
65,60,40,19:19:19 NPK
70,60,40,19:19:19 NPK
75,60,40,19:19:19 NPK
80,60,40,19:19:19 NPK
60,40,45,19:19:19 NPK
65,40,45,19:19:19 NPK
70,40,45,19:19:19 NPK
75,40,45,19:19:19 NPK
80,40,45,19:19:19 NPK
60,45,50,19:19:19 NPK
65,45,50,19:19:19 NPK
70,45,50,19:19:19 NPK
75,45,50,19:19:19 NPK
80,45,50,19:19:19 NPK
60,50,55,19:19:19 NPK
65,50,55,19:19:19 NPK
70,50,55,19:19:19 NPK
75,50,55,19:19:19 NPK
80,50,55,19:19:19 NPK
60,55,60,19:19:19 NPK
65,55,60,19:19:19 NPK
70,55,60,19:19:19 NPK
75,55,60,19:19:19 NPK
80,55,60,19:19:19 NPK
120,80,60,DAP
125,80,60,DAP
130,80,60,DAP
135,80,60,DAP
140,80,60,DAP
145,80,60,DAP
150,80,60,DAP
120,85,65,DAP
125,85,65,DAP
130,85,65,DAP
135,85,65,DAP
140,85,65,DAP
145,85,65,DAP
150,85,65,DAP
120,90,70,DAP
125,90,70,DAP
130,90,70,DAP
135,90,70,DAP
140,90,70,DAP
145,90,70,DAP
150,90,70,DAP
120,95,75,DAP
125,95,75,DAP
130,95,75,DAP
135,95,75,DAP
140,95,75,DAP
145,95,75,DAP
150,95,75,DAP
120,100,80,DAP
125,100,80,DAP
130,100,80,DAP
135,100,80,DAP
140,100,80,DAP
145,100,80,DAP
150,100,80,DAP
120,85,60,Urea
125,85,60,Urea
130,85,60,Urea
135,85,60,Urea
140,85,60,Urea
145,85,60,Urea
150,85,60,Urea
120,90,65,Urea
125,90,65,Urea
130,90,65,Urea
135,90,65,Urea
140,90,65,Urea
145,90,65,Urea
150,90,65,Urea
120,95,70,Urea
125,95,70,Urea
130,95,70,Urea
135,95,70,Urea
140,95,70,Urea
145,95,70,Urea
150,95,70,Urea
120,100,75,Urea
125,100,75,Urea
130,100,75,Urea
135,100,75,Urea
140,100,75,Urea
145,100,75,Urea
150,100,75,Urea
120,80,80,Urea
125,80,80,Urea
130,80,80,Urea
135,80,80,Urea
140,80,80,Urea
145,80,80,Urea
150,80,80,Urea
120,90,60,MOP
125,90,60,MOP
130,90,60,MOP
135,90,60,MOP
140,90,60,MOP
145,90,60,MOP
150,90,60,MOP
120,95,65,MOP
125,95,65,MOP
130,95,65,MOP
135,95,65,MOP
140,95,65,MOP
145,95,65,MOP
150,95,65,MOP
120,100,70,MOP
125,100,70,MOP
130,100,70,MOP
135,100,70,MOP
140,100,70,MOP
145,100,70,MOP
150,100,70,MOP
120,80,75,MOP
125,80,75,MOP
130,80,75,MOP
135,80,75,MOP
140,80,75,MOP
145,80,75,MOP
150,80,75,MOP
120,85,80,MOP
125,85,80,MOP
130,85,80,MOP
135,85,80,MOP
140,85,80,MOP
145,85,80,MOP
150,85,80,MOP
120,95,60,DAP
125,95,60,DAP
130,95,60,DAP
135,95,60,DAP
140,95,60,DAP
145,95,60,DAP
150,95,60,DAP
120,100,65,DAP
125,100,65,DAP
130,100,65,DAP
135,100,65,DAP
140,100,65,DAP
145,100,65,DAP
150,100,65,DAP
120,80,70,DAP
125,80,70,DAP
130,80,70,DAP
135,80,70,DAP
140,80,70,DAP
145,80,70,DAP
150,80,70,DAP
120,85,75,DAP
125,85,75,DAP
130,85,75,DAP
135,85,75,DAP
140,85,75,DAP
145,85,75,DAP
150,85,75,DAP
120,90,80,DAP
125,90,80,DAP
130,90,80,DAP
135,90,80,DAP
140,90,80,DAP
145,90,80,DAP
150,90,80,DAP
120,100,60,Urea
125,100,60,Urea
130,100,60,Urea
135,100,60,Urea
140,100,60,Urea
145,100,60,Urea
150,100,60,Urea
120,80,65,Urea
125,80,65,Urea
130,80,65,Urea
135,80,65,Urea
140,80,65,Urea
145,80,65,Urea
150,80,65,Urea
120,85,70,Urea
125,85,70,Urea
130,85,70,Urea
135,85,70,Urea
140,85,70,Urea
145,85,70,Urea
150,85,70,Urea
120,90,75,Urea
125,90,75,Urea
130,90,75,Urea
135,90,75,Urea
140,90,75,Urea
145,90,75,Urea
150,90,75,Urea
120,95,80,Urea
125,95,80,Urea
130,95,80,Urea
135,95,80,Urea
140,95,80,Urea
145,95,80,Urea
150,95,80,Urea
80,120,40,Ferrous Sulphate
85,120,40,Ferrous Sulphate
90,120,40,Ferrous Sulphate
95,120,40,Ferrous Sulphate
100,120,40,Ferrous Sulphate
80,125,45,Ferrous Sulphate
85,125,45,Ferrous Sulphate
90,125,45,Ferrous Sulphate
95,125,45,Ferrous Sulphate
100,125,45,Ferrous Sulphate
80,130,50,Ferrous Sulphate
85,130,50,Ferrous Sulphate
90,130,50,Ferrous Sulphate
95,130,50,Ferrous Sulphate
100,130,50,Ferrous Sulphate
80,135,55,Ferrous Sulphate
85,135,55,Ferrous Sulphate
90,135,55,Ferrous Sulphate
95,135,55,Ferrous Sulphate
100,135,55,Ferrous Sulphate
80,140,60,Ferrous Sulphate
85,140,60,Ferrous Sulphate
90,140,60,Ferrous Sulphate
95,140,60,Ferrous Sulphate
100,140,60,Ferrous Sulphate
80,125,40,10:10:10 NPK
85,125,40,10:10:10 NPK
90,125,40,10:10:10 NPK
95,125,40,10:10:10 NPK
100,125,40,10:10:10 NPK
80,130,45,10:10:10 NPK
85,130,45,10:10:10 NPK
90,130,45,10:10:10 NPK
95,130,45,10:10:10 NPK
100,130,45,10:10:10 NPK
80,135,50,10:10:10 NPK
85,135,50,10:10:10 NPK
90,135,50,10:10:10 NPK
95,135,50,10:10:10 NPK
100,135,50,10:10:10 NPK
80,140,55,10:10:10 NPK
85,140,55,10:10:10 NPK
90,140,55,10:10:10 NPK
95,140,55,10:10:10 NPK
100,140,55,10:10:10 NPK
80,120,60,10:10:10 NPK
85,120,60,10:10:10 NPK
90,120,60,10:10:10 NPK
95,120,60,10:10:10 NPK
100,120,60,10:10:10 NPK
80,130,40,Hydrated Lime
85,130,40,Hydrated Lime
90,130,40,Hydrated Lime
95,130,40,Hydrated Lime
100,130,40,Hydrated Lime
80,135,45,Hydrated Lime
85,135,45,Hydrated Lime
90,135,45,Hydrated Lime
95,135,45,Hydrated Lime
100,135,45,Hydrated Lime
80,140,50,Hydrated Lime
85,140,50,Hydrated Lime
90,140,50,Hydrated Lime
95,140,50,Hydrated Lime
100,140,50,Hydrated Lime
80,120,55,Hydrated Lime
85,120,55,Hydrated Lime
90,120,55,Hydrated Lime
95,120,55,Hydrated Lime
100,120,55,Hydrated Lime
80,125,60,Hydrated Lime
85,125,60,Hydrated Lime
90,125,60,Hydrated Lime
95,125,60,Hydrated Lime
100,125,60,Hydrated Lime
80,135,40,Ferrous Sulphate
85,135,40,Ferrous Sulphate
90,135,40,Ferrous Sulphate
95,135,40,Ferrous Sulphate
100,135,40,Ferrous Sulphate
80,140,45,Ferrous Sulphate
85,140,45,Ferrous Sulphate
90,140,45,Ferrous Sulphate
95,140,45,Ferrous Sulphate
100,140,45,Ferrous Sulphate
80,120,50,Ferrous Sulphate
85,120,50,Ferrous Sulphate
90,120,50,Ferrous Sulphate
95,120,50,Ferrous Sulphate
100,120,50,Ferrous Sulphate
80,125,55,Ferrous Sulphate
85,125,55,Ferrous Sulphate
90,125,55,Ferrous Sulphate
95,125,55,Ferrous Sulphate
100,125,55,Ferrous Sulphate
80,130,60,Ferrous Sulphate
85,130,60,Ferrous Sulphate
90,130,60,Ferrous Sulphate
95,130,60,Ferrous Sulphate
100,130,60,Ferrous Sulphate
80,140,40,10:10:10 NPK
85,140,40,10:10:10 NPK
90,140,40,10:10:10 NPK
95,140,40,10:10:10 NPK
100,140,40,10:10:10 NPK
80,120,45,10:10:10 NPK
85,120,45,10:10:10 NPK
90,120,45,10:10:10 NPK
95,120,45,10:10:10 NPK
100,120,45,10:10:10 NPK
80,125,50,10:10:10 NPK
85,125,50,10:10:10 NPK
90,125,50,10:10:10 NPK
95,125,50,10:10:10 NPK
100,125,50,10:10:10 NPK
80,130,55,10:10:10 NPK
85,130,55,10:10:10 NPK
90,130,55,10:10:10 NPK
95,130,55,10:10:10 NPK
100,130,55,10:10:10 NPK
80,135,60,10:10:10 NPK
85,135,60,10:10:10 NPK
90,135,60,10:10:10 NPK
95,135,60,10:10:10 NPK
100,135,60,10:10:10 NPK
120,40,60,MOP
125,40,60,MOP
130,40,60,MOP
135,40,60,MOP
140,40,60,MOP
145,40,60,MOP
150,40,60,MOP
120,45,65,MOP
125,45,65,MOP
130,45,65,MOP
135,45,65,MOP
140,45,65,MOP
145,45,65,MOP
150,45,65,MOP
120,50,70,MOP
125,50,70,MOP
130,50,70,MOP
135,50,70,MOP
140,50,70,MOP
145,50,70,MOP
150,50,70,MOP
120,55,75,MOP
125,55,75,MOP
130,55,75,MOP
135,55,75,MOP
140,55,75,MOP
145,55,75,MOP
150,55,75,MOP
120,60,80,MOP
125,60,80,MOP
130,60,80,MOP
135,60,80,MOP
140,60,80,MOP
145,60,80,MOP
150,60,80,MOP
120,45,60,SSP
125,45,60,SSP
130,45,60,SSP
135,45,60,SSP
140,45,60,SSP
145,45,60,SSP
150,45,60,SSP
120,50,65,SSP
125,50,65,SSP
130,50,65,SSP
135,50,65,SSP
140,50,65,SSP
145,50,65,SSP
150,50,65,SSP
120,55,70,SSP
125,55,70,SSP
130,55,70,SSP
135,55,70,SSP
140,55,70,SSP
145,55,70,SSP
150,55,70,SSP
120,60,75,SSP
125,60,75,SSP
130,60,75,SSP
135,60,75,SSP
140,60,75,SSP
145,60,75,SSP
150,60,75,SSP
120,40,80,SSP
125,40,80,SSP
130,40,80,SSP
135,40,80,SSP
140,40,80,SSP
145,40,80,SSP
150,40,80,SSP
120,50,60,Urea
125,50,60,Urea
130,50,60,Urea
135,50,60,Urea
140,50,60,Urea
145,50,60,Urea
150,50,60,Urea
120,55,65,Urea
125,55,65,Urea
130,55,65,Urea
135,55,65,Urea
140,55,65,Urea
145,55,65,Urea
150,55,65,Urea
120,60,70,Urea
125,60,70,Urea
130,60,70,Urea
135,60,70,Urea
140,60,70,Urea
145,60,70,Urea
150,60,70,Urea
120,40,75,Urea
125,40,75,Urea
130,40,75,Urea
135,40,75,Urea
140,40,75,Urea
145,40,75,Urea
150,40,75,Urea
120,45,80,Urea
125,45,80,Urea
130,45,80,Urea
135,45,80,Urea
140,45,80,Urea
145,45,80,Urea
150,45,80,Urea
120,55,60,MOP
125,55,60,MOP
130,55,60,MOP
135,55,60,MOP
140,55,60,MOP
145,55,60,MOP
150,55,60,MOP
120,60,65,MOP
125,60,65,MOP
130,60,65,MOP
135,60,65,MOP
140,60,65,MOP
145,60,65,MOP
150,60,65,MOP
120,40,70,MOP
125,40,70,MOP
130,40,70,MOP
135,40,70,MOP
140,40,70,MOP
145,40,70,MOP
150,40,70,MOP
120,45,75,MOP
125,45,75,MOP
130,45,75,MOP
135,45,75,MOP
140,45,75,MOP
145,45,75,MOP
150,45,75,MOP
120,50,80,MOP
125,50,80,MOP
130,50,80,MOP
135,50,80,MOP
140,50,80,MOP
145,50,80,MOP
150,50,80,MOP
120,60,60,SSP
125,60,60,SSP
130,60,60,SSP
135,60,60,SSP
140,60,60,SSP
145,60,60,SSP
150,60,60,SSP
120,40,65,SSP
125,40,65,SSP
130,40,65,SSP
135,40,65,SSP
140,40,65,SSP
145,40,65,SSP
150,40,65,SSP
120,45,70,SSP
125,45,70,SSP
130,45,70,SSP
135,45,70,SSP
140,45,70,SSP
145,45,70,SSP
150,45,70,SSP
120,50,75,SSP
125,50,75,SSP
130,50,75,SSP
135,50,75,SSP
140,50,75,SSP
145,50,75,SSP
150,50,75,SSP
120,55,80,SSP
125,30,80,SSP
130,30,80,SSP
135,30,80,SSP
140,40,80,SSP
145,40,80,SSP
150,40,80,SSP
100,40,40,19:19:19 NPK
105,40,40,19:19:19 NPK
110,40,40,19:19:19 NPK
115,40,40,19:19:19 NPK
120,40,40,19:19:19 NPK
100,45,45,19:19:19 NPK
105,45,45,19:19:19 NPK
110,45,45,19:19:19 NPK
115,45,45,19:19:19 NPK
120,45,45,19:19:19 NPK
100,50,50,19:19:19 NPK
105,50,50,19:19:19 NPK
110,50,50,19:19:19 NPK
115,50,50,19:19:19 NPK
120,50,50,19:19:19 NPK
100,55,55,19:19:19 NPK
105,55,55,19:19:19 NPK
110,55,55,19:19:19 NPK
115,55,55,19:19:19 NPK
120,55,55,19:19:19 NPK
100,60,60,19:19:19 NPK
105,60,60,19:19:19 NPK
110,60,60,19:19:19 NPK
115,60,60,19:19:19 NPK
120,60,60,19:19:19 NPK
100,45,40,Urea
105,45,40,Urea
110,45,40,Urea
115,45,40,Urea
120,45,40,Urea
100,50,45,Urea
105,50,45,Urea
110,50,45,Urea
115,50,45,Urea
120,50,45,Urea
100,55,50,Urea
105,55,50,Urea
110,55,50,Urea
115,55,50,Urea
120,55,50,Urea
100,60,55,Urea
105,60,55,Urea
110,60,55,Urea
115,60,55,Urea
120,60,55,Urea
100,40,60,Urea
105,40,60,Urea
110,40,60,Urea
115,40,60,Urea
120,40,60,Urea
100,50,40,19:19:19 NPK
105,50,40,19:19:19 NPK
110,50,40,19:19:19 NPK
115,50,40,19:19:19 NPK
120,50,40,19:19:19 NPK
100,55,45,19:19:19 NPK
105,55,45,19:19:19 NPK
110,55,45,19:19:19 NPK
115,55,45,19:19:19 NPK
120,55,45,19:19:19 NPK
100,60,50,19:19:19 NPK
105,60,50,19:19:19 NPK
110,60,50,19:19:19 NPK
115,60,50,19:19:19 NPK
120,60,50,19:19:19 NPK
100,40,55,19:19:19 NPK
105,40,55,19:19:19 NPK
110,40,55,19:19:19 NPK
115,40,55,19:19:19 NPK
120,40,55,19:19:19 NPK
100,45,60,19:19:19 NPK
105,45,60,19:19:19 NPK
110,45,60,19:19:19 NPK
115,45,60,19:19:19 NPK
120,45,60,19:19:19 NPK
100,55,40,Urea
105,55,40,Urea
110,55,40,Urea
115,55,40,Urea
120,55,40,Urea
100,60,45,Urea
105,60,45,Urea
110,60,45,Urea
115,60,45,Urea
120,60,45,Urea
100,40,50,Urea
105,40,50,Urea
110,40,50,Urea
115,40,50,Urea
120,40,50,Urea
100,45,55,Urea
105,45,55,Urea
110,45,55,Urea
115,45,55,Urea
120,45,55,Urea
100,50,60,Urea
105,50,60,Urea
110,50,60,Urea
115,50,60,Urea
120,50,60,Urea
100,60,40,19:19:19 NPK
105,60,40,19:19:19 NPK
110,60,40,19:19:19 NPK
115,60,40,19:19:19 NPK
120,60,40,19:19:19 NPK
100,40,45,19:19:19 NPK
105,40,45,19:19:19 NPK
110,40,45,19:19:19 NPK
115,40,45,19:19:19 NPK
120,40,45,19:19:19 NPK
100,45,50,19:19:19 NPK
105,45,50,19:19:19 NPK
110,45,50,19:19:19 NPK
115,45,50,19:19:19 NPK
120,45,50,19:19:19 NPK
100,50,55,19:19:19 NPK
105,50,55,19:19:19 NPK
110,50,55,19:19:19 NPK
115,50,55,19:19:19 NPK
120,50,55,19:19:19 NPK
100,55,60,19:19:19 NPK
105,55,60,19:19:19 NPK
110,55,60,19:19:19 NPK
115,55,60,19:19:19 NPK
120,55,60,19:19:19 NPK
60,40,40,10:26:26 NPK
65,40,40,10:26:26 NPK
70,40,40,10:26:26 NPK
75,40,40,10:26:26 NPK
80,40,40,10:26:26 NPK
60,45,45,10:26:26 NPK
65,45,45,10:26:26 NPK
70,45,45,10:26:26 NPK
75,45,45,10:26:26 NPK
80,45,45,10:26:26 NPK
60,50,50,10:26:26 NPK
65,50,50,10:26:26 NPK
70,50,50,10:26:26 NPK
75,50,50,10:26:26 NPK
80,50,50,10:26:26 NPK
60,55,55,10:26:26 NPK
65,55,55,10:26:26 NPK
70,55,55,10:26:26 NPK
75,55,55,10:26:26 NPK
80,55,55,10:26:26 NPK
60,60,60,10:26:26 NPK
65,60,60,10:26:26 NPK
70,60,60,10:26:26 NPK
75,60,60,10:26:26 NPK
80,60,60,10:26:26 NPK
60,45,40,Urea
65,45,40,Urea
70,45,40,Urea
75,45,40,Urea
80,45,40,Urea
60,50,45,Urea
65,50,45,Urea
70,50,45,Urea
75,50,45,Urea
80,50,45,Urea
60,55,50,Urea
65,55,50,Urea
70,55,50,Urea
75,55,50,Urea
80,55,50,Urea
60,60,55,Urea
65,60,55,Urea
70,60,55,Urea
75,60,55,Urea
80,60,55,Urea
60,40,60,Urea
65,40,60,Urea
70,40,60,Urea
75,40,60,Urea
80,40,60,Urea
60,50,40,SSP
65,50,40,SSP
70,50,40,SSP
75,50,40,SSP
80,50,40,SSP
60,55,45,SSP
65,55,45,SSP
70,55,45,SSP
75,55,45,SSP
80,55,45,SSP
60,60,50,SSP
65,60,50,SSP
70,60,50,SSP
75,60,50,SSP
80,60,50,SSP
60,40,55,SSP
65,40,55,SSP
70,40,55,SSP
75,40,55,SSP
80,40,55,SSP
60,45,60,SSP
65,45,60,SSP
70,45,60,SSP
75,45,60,SSP
80,45,60,SSP
60,55,40,10:26:26 NPK
65,55,40,10:26:26 NPK
70,55,40,10:26:26 NPK
75,55,40,10:26:26 NPK
80,55,40,10:26:26 NPK
60,60,45,10:26:26 NPK
65,60,45,10:26:26 NPK
70,60,45,10:26:26 NPK
75,60,45,10:26:26 NPK
80,60,45,10:26:26 NPK
60,40,50,10:26:26 NPK
65,40,50,10:26:26 NPK
70,40,50,10:26:26 NPK
75,40,50,10:26:26 NPK
80,40,50,10:26:26 NPK
60,45,55,10:26:26 NPK
65,45,55,10:26:26 NPK
70,45,55,10:26:26 NPK
75,45,55,10:26:26 NPK
80,45,55,10:26:26 NPK
60,50,60,10:26:26 NPK
65,50,60,10:26:26 NPK
70,50,60,10:26:26 NPK
75,50,60,10:26:26 NPK
80,50,60,10:26:26 NPK
60,60,40,Urea
65,60,40,Urea
70,60,40,Urea
75,60,40,Urea
80,60,40,Urea
60,40,45,Urea
65,40,45,Urea
70,40,45,Urea
75,40,45,Urea
80,40,45,Urea
60,45,50,Urea
65,45,50,Urea
70,45,50,Urea
75,45,50,Urea
80,45,50,Urea
60,50,55,Urea
65,50,55,Urea
70,50,55,Urea
75,50,55,Urea
80,50,55,Urea
60,45,60,Urea
65,45,60,Urea
70,45,60,Urea
75,45,60,Urea
80,45,60,Urea
20,20,40,Chilated Micronutrient
25,20,40,Chilated Micronutrient
30,20,40,Chilated Micronutrient
20,25,45,Chilated Micronutrient
25,25,45,Chilated Micronutrient
30,25,45,Chilated Micronutrient
20,30,50,Chilated Micronutrient
25,30,50,Chilated Micronutrient
30,30,50,Chilated Micronutrient
20,25,40,SSP
25,25,40,SSP
30,25,40,SSP
20,30,45,SSP
25,30,45,SSP
30,30,45,SSP
20,20,50,SSP
25,20,50,SSP
30,20,50,SSP
20,30,40,Chilated Micronutrient
25,30,40,Chilated Micronutrient
30,30,40,Chilated Micronutrient
20,20,45,Chilated Micronutrient
25,20,45,Chilated Micronutrient
30,20,45,Chilated Micronutrient
20,25,50,Chilated Micronutrient
25,25,50,Chilated Micronutrient
30,25,50,Chilated Micronutrient
25,40,20,Urea
30,40,20,Urea
20,40,20,Urea
30,45,25,Urea
20,45,25,Urea
25,45,25,Urea
20,50,30,Urea
25,50,30,Urea
30,50,30,Urea
25,45,20,Ferrous Sulphate
30,45,20,Ferrous Sulphate
20,45,20,Ferrous Sulphate
30,50,25,Ferrous Sulphate
20,50,25,Ferrous Sulphate
25,50,25,Ferrous Sulphate
20,40,30,Ferrous Sulphate
25,40,30,Ferrous Sulphate
30,40,30,Ferrous Sulphate
25,50,20,White Potash
30,50,20,White Potash
20,50,20,White Potash
25,40,20,White Potash
30,40,25,White Potash
20,40,25,White Potash
25,40,25,White Potash
20,45,30,White Potash
25,45,30,White Potash
30,45,30,White Potash
100,45,20,Magnesium Sulphate
105,45,20,Magnesium Sulphate
110,45,20,Magnesium Sulphate
115,45,20,Magnesium Sulphate
120,45,20,Magnesium Sulphate
100,50,25,Magnesium Sulphate
105,50,25,Magnesium Sulphate
110,50,25,Magnesium Sulphate
115,50,25,Magnesium Sulphate
120,50,25,Magnesium Sulphate
100,55,30,Magnesium Sulphate
105,55,30,Magnesium Sulphate
110,55,30,Magnesium Sulphate
115,55,30,Magnesium Sulphate
120,55,30,Magnesium Sulphate
100,50,20,12:32:16 NPK
105,50,20,12:32:16 NPK
110,50,20,12:32:16 NPK
115,50,20,12:32:16 NPK
120,50,20,12:32:16 NPK
100,55,25,12:32:16 NPK
105,55,25,12:32:16 NPK
110,55,25,12:32:16 NPK
115,55,25,12:32:16 NPK
120,55,25,12:32:16 NPK
100,45,30,12:32:16 NPK
105,45,30,12:32:16 NPK
110,45,30,12:32:16 NPK
115,45,30,12:32:16 NPK
120,45,30,12:32:16 NPK
100,55,20,DAP
105,55,20,DAP
110,55,20,DAP
115,55,20,DAP
120,55,20,DAP
100,45,25,DAP
105,45,25,DAP
110,45,25,DAP
115,45,25,DAP
120,45,25,DAP
100,50,30,DAP
105,50,30,DAP
110,50,30,DAP
115,50,30,DAP
120,50,30,DAP
30,20,40,Urea
35,20,40,Urea
40,20,40,Urea
30,25,45,Urea
35,25,45,Urea
40,25,45,Urea
30,30,50,Urea
35,30,50,Urea
40,30,50,Urea
30,20,55,Urea
35,20,55,Urea
40,20,55,Urea
30,25,60,Urea
35,25,60,Urea
40,25,60,Urea
30,30,40,MOP
35,30,40,MOP
40,30,40,MOP
30,20,45,MOP
35,20,45,MOP
40,20,45,MOP
30,25,50,MOP
35,25,50,MOP
40,25,50,MOP
30,30,55,MOP
35,30,55,MOP
40,30,55,MOP
30,20,60,MOP
35,20,60,MOP
40,20,60,MOP
30,25,40,SSP
35,25,40,SSP
40,25,40,SSP
30,30,45,SSP
35,30,45,SSP
40,30,45,SSP
30,20,50,SSP
35,20,50,SSP
40,20,50,SSP
30,25,55,SSP
35,25,55,SSP
40,25,55,SSP
30,30,60,SSP
35,30,60,SSP
40,30,60,SSP
40,20,20,MOP
45,20,20,MOP
50,20,20,MOP
40,25,25,MOP
45,25,25,MOP
50,25,25,MOP
40,30,30,MOP
45,30,30,MOP
50,30,30,MOP
40,25,20,Urea
45,25,20,Urea
50,25,20,Urea
40,30,25,Urea
45,30,25,Urea
50,30,25,Urea
40,20,30,Urea
45,20,30,Urea
50,20,30,Urea
40,30,20,SSP
45,30,20,SSP
50,30,20,SSP
40,20,25,SSP
45,20,25,SSP
50,20,25,SSP
40,25,30,SSP
45,25,30,SSP
50,25,30,SSP
100,50,50,Urea
105,50,50,Urea
110,50,50,Urea
115,50,50,Urea
120,50,50,Urea
100,55,55,Urea
105,55,55,Urea
110,55,55,Urea
115,55,55,Urea
120,55,55,Urea
100,60,60,Urea
105,60,60,Urea
110,60,60,Urea
115,60,60,Urea
120,60,60,Urea
100,55,50,50:26:26 NPK
105,55,50,50:26:26 NPK
110,55,50,50:26:26 NPK
115,55,50,50:26:26 NPK
120,55,50,50:26:26 NPK
100,60,55,50:26:26 NPK
105,60,55,50:26:26 NPK
110,60,55,50:26:26 NPK
115,60,55,50:26:26 NPK
120,60,55,50:26:26 NPK
100,50,60,50:26:26 NPK
105,50,60,50:26:26 NPK
110,50,60,50:26:26 NPK
115,50,60,50:26:26 NPK
120,50,60,50:26:26 NPK
100,60,50,Urea
105,60,50,Urea
110,60,50,Urea
115,60,50,Urea
120,60,50,Urea
100,50,55,Urea
105,50,55,Urea
110,50,55,Urea
115,50,55,Urea
120,50,55,Urea
100,55,60,Urea
105,55,60,Urea
110,55,60,Urea
115,55,60,Urea
120,55,60,Urea
50,30,30,10:26:26 NPK
55,30,30,10:26:26 NPK
60,30,30,10:26:26 NPK
65,30,30,10:26:26 NPK
70,30,30,10:26:26 NPK
50,35,35,10:26:26 NPK
55,35,35,10:26:26 NPK
60,35,35,10:26:26 NPK
65,35,35,10:26:26 NPK
70,35,35,10:26:26 NPK
50,40,40,10:26:26 NPK
55,40,40,10:26:26 NPK
60,40,40,10:26:26 NPK
65,40,40,10:26:26 NPK
70,40,40,10:26:26 NPK
50,35,30,Urea
55,35,30,Urea
60,35,30,Urea
65,35,30,Urea
70,35,30,Urea
50,40,35,Urea
55,40,35,Urea
60,40,35,Urea
65,40,35,Urea
70,40,35,Urea
50,30,40,Urea
55,30,40,Urea
60,30,40,Urea
65,30,40,Urea
70,30,40,Urea
50,40,30,SSP
55,40,30,SSP
60,40,30,SSP
65,40,30,SSP
70,40,30,SSP
50,30,35,SSP
55,30,35,SSP
60,30,35,SSP
65,30,35,SSP
70,30,35,SSP
50,35,40,SSP
55,35,40,SSP
60,35,40,SSP
65,35,40,SSP
70,35,40,SSP
20,15,30,Urea
25,15,30,Urea
30,15,30,Urea
20,20,35,Urea
25,20,35,Urea
30,20,35,Urea
20,15,40,Urea
25,15,40,Urea
30,15,40,Urea
20,20,30,MOP
25,20,30,MOP
30,20,30,MOP
20,15,35,MOP
25,15,35,MOP
30,15,35,MOP
20,20,40,MOP
25,20,40,MOP
30,20,40,MOP
100,40,50,19:19:19 NPK
105,40,50,19:19:19 NPK
110,40,50,19:19:19 NPK
115,40,50,19:19:19 NPK
120,40,50,19:19:19 NPK
100,45,55,19:19:19 NPK
105,45,55,19:19:19 NPK
110,45,55,19:19:19 NPK
115,45,55,19:19:19 NPK
120,45,55,19:19:19 NPK
100,50,60,19:19:19 NPK
105,50,60,19:19:19 NPK
110,50,60,19:19:19 NPK
115,50,60,19:19:19 NPK
120,50,60,19:19:19 NPK
100,45,50,Urea
105,45,50,Urea
110,45,50,Urea
115,45,50,Urea
120,45,50,Urea
100,50,55,Urea
105,50,55,Urea
110,50,55,Urea
115,50,55,Urea
120,50,55,Urea
100,40,60,Urea
105,40,60,Urea
110,40,60,Urea
115,40,60,Urea
120,40,60,Urea
100,50,50,19:19:19 NPK
105,50,50,19:19:19 NPK
110,50,50,19:19:19 NPK
115,50,50,19:19:19 NPK
120,50,50,19:19:19 NPK
100,40,55,19:19:19 NPK
105,40,55,19:19:19 NPK
110,40,55,19:19:19 NPK
115,40,55,19:19:19 NPK
120,40,55,19:19:19 NPK
100,45,60,19:19:19 NPK
105,45,60,19:19:19 NPK
110,45,60,19:19:19 NPK
115,45,60,19:19:19 NPK
120,45,60,19:19:19 NPK
20,20,30,Chilated Micronutrient
25,20,30,Chilated Micronutrient
30,20,30,Chilated Micronutrient
20,25,35,Chilated Micronutrient
25,25,35,Chilated Micronutrient
30,25,35,Chilated Micronutrient
20,30,40,Chilated Micronutrient
25,30,40,Chilated Micronutrient
30,30,40,Chilated Micronutrient
20,25,30,SSP
25,25,30,SSP
30,25,30,SSP
20,30,35,SSP
25,30,35,SSP
30,30,35,SSP
20,20,40,SSP
25,20,40,SSP
30,20,40,SSP
20,30,30,Chilated Micronutrient
25,30,30,Chilated Micronutrient
30,30,30,Chilated Micronutrient
20,20,35,Chilated Micronutrient
25,20,35,Chilated Micronutrient
30,20,35,Chilated Micronutrient
20,25,40,Chilated Micronutrient
25,25,40,Chilated Micronutrient
30,25,40,Chilated Micronutrient
30,20,30,Urea
35,20,30,Urea
40,20,30,Urea
30,25,35,Urea
35,25,35,Urea
40,25,35,Urea
30,30,40,Urea
35,30,40,Urea
40,30,40,Urea
30,25,30,SSP
35,25,30,SSP
40,25,30,SSP
30,30,35,SSP
35,30,35,SSP
40,30,35,SSP
30,20,40,SSP
35,20,40,SSP
40,20,40,SSP
30,30,30,DAP
35,30,30,DAP
40,30,30,DAP
30,20,35,DAP
35,20,35,DAP
40,20,35,DAP
30,25,40,DAP
35,25,40,DAP
40,25,40,DAP
30,20,40,DAP
35,20,40,DAP
40,20,40,DAP
30,25,45,DAP
35,25,45,DAP
40,25,45,DAP
30,30,50,DAP
35,30,50,DAP
40,30,50,DAP
30,25,40,MOP
35,25,40,MOP
40,25,40,MOP
30,30,45,MOP
35,30,45,MOP
40,30,45,MOP
30,20,50,MOP
35,20,50,MOP
40,20,50,MOP
30,30,40,DAP
35,30,40,DAP
40,30,40,DAP
30,20,45,DAP
35,20,45,DAP
40,20,45,DAP
30,25,50,DAP
35,25,50,DAP
40,25,50,DAP
120,120,60,MOP
125,120,60,MOP
130,120,60,MOP
135,120,60,MOP
140,120,60,MOP
145,120,60,MOP
150,120,60,MOP
120,125,65,MOP
125,125,65,MOP
130,125,65,MOP
135,125,65,MOP
140,125,65,MOP
145,125,65,MOP
150,125,65,MOP
120,130,70,MOP
125,130,70,MOP
130,130,70,MOP
135,130,70,MOP
140,130,70,MOP
145,130,70,MOP
150,130,70,MOP
120,135,75,MOP
125,135,75,MOP
130,135,75,MOP
135,135,75,MOP
140,135,75,MOP
145,135,75,MOP
150,135,75,MOP
120,140,80,MOP
125,140,80,MOP
130,140,80,MOP
135,140,80,MOP
140,140,80,MOP
145,140,80,MOP
150,140,80,MOP
120,145,60,Urea
125,145,60,Urea
130,145,60,Urea
135,145,60,Urea
140,145,60,Urea
145,145,60,Urea
150,145,60,Urea
120,150,65,Urea
125,150,65,Urea
130,150,65,Urea
135,150,65,Urea
140,150,65,Urea
145,150,65,Urea
150,150,65,Urea
120,120,70,Urea
125,120,70,Urea
130,120,70,Urea
135,120,70,Urea
140,120,70,Urea
145,120,70,Urea
150,120,70,Urea
120,125,75,Urea
125,125,75,Urea
130,125,75,Urea
135,125,75,Urea
140,125,75,Urea
145,125,75,Urea
150,125,75,Urea
120,130,80,Urea
125,130,80,Urea
130,130,80,Urea
135,130,80,Urea
140,130,80,Urea
145,130,80,Urea
150,130,80,Urea
120,135,60,DAP
125,135,60,DAP
130,135,60,DAP
135,135,60,DAP
140,135,60,DAP
145,135,60,DAP
150,135,60,DAP
120,140,65,DAP
125,140,65,DAP
130,140,65,DAP
135,140,65,DAP
140,140,65,DAP
145,140,65,DAP
150,140,65,DAP
120,145,70,DAP
125,145,70,DAP
130,145,70,DAP
135,145,70,DAP
140,145,70,DAP
145,145,70,DAP
150,145,70,DAP
120,150,75,DAP
125,150,75,DAP
130,150,75,DAP
135,150,75,DAP
140,150,75,DAP
145,150,75,DAP
150,150,75,DAP
120,120,80,DAP
125,120,80,DAP
130,120,80,DAP
135,120,80,DAP
140,120,80,DAP
145,120,80,DAP
150,120,80,DAP
120,125,60,MOP
125,125,60,MOP
130,125,60,MOP
135,125,60,MOP
140,125,60,MOP
145,125,60,MOP
150,125,60,MOP
120,130,65,MOP
125,130,65,MOP
130,130,65,MOP
135,130,65,MOP
140,130,65,MOP
145,130,65,MOP
150,130,65,MOP
120,135,70,MOP
125,135,70,MOP
130,135,70,MOP
135,135,70,MOP
140,135,70,MOP
145,135,70,MOP
150,135,70,MOP
120,140,75,MOP
125,140,75,MOP
130,140,75,MOP
135,140,75,MOP
140,140,75,MOP
145,140,75,MOP
150,140,75,MOP
120,145,80,MOP
125,145,80,MOP
130,145,80,MOP
135,145,80,MOP
140,145,80,MOP
145,145,80,MOP
150,145,80,MOP
120,150,60,Urea
125,150,60,Urea
130,150,60,Urea
135,150,60,Urea
140,150,60,Urea
145,150,60,Urea
150,150,60,Urea
120,120,65,Urea
125,120,65,Urea
130,120,65,Urea
135,120,65,Urea
140,120,65,Urea
145,120,65,Urea
150,120,65,Urea
120,125,70,Urea
125,125,70,Urea
130,125,70,Urea
135,125,70,Urea
140,125,70,Urea
145,125,70,Urea
150,125,70,Urea
120,130,75,Urea
125,130,75,Urea
130,130,75,Urea
135,130,75,Urea
140,130,75,Urea
145,130,75,Urea
150,130,75,Urea
120,135,80,Urea
125,135,80,Urea
130,135,80,Urea
135,135,80,Urea
140,135,80,Urea
145,135,80,Urea
150,135,80,Urea
120,140,60,DAP
125,140,60,DAP
130,140,60,DAP
135,140,60,DAP
140,140,60,DAP
145,140,60,DAP
150,140,60,DAP
120,145,65,DAP
125,145,65,DAP
130,145,65,DAP
135,145,65,DAP
140,145,65,DAP
145,145,65,DAP
150,145,65,DAP
120,150,70,DAP
125,150,70,DAP
130,150,70,DAP
135,150,70,DAP
140,150,70,DAP
145,150,70,DAP
150,150,70,DAP
120,120,75,DAP
125,120,75,DAP
130,120,75,DAP
135,120,75,DAP
140,120,75,DAP
145,120,75,DAP
150,120,75,DAP
120,125,80,DAP
125,125,80,DAP
130,125,80,DAP
135,125,80,DAP
140,125,80,DAP
145,125,80,DAP
150,125,80,DAP
120,130,60,MOP
125,130,60,MOP
130,130,60,MOP
135,130,60,MOP
140,130,60,MOP
145,130,60,MOP
150,130,60,MOP
120,135,65,MOP
125,135,65,MOP
130,135,65,MOP
135,135,65,MOP
140,135,65,MOP
145,135,65,MOP
150,135,65,MOP
120,140,70,MOP
125,140,70,MOP
130,140,70,MOP
135,140,70,MOP
140,140,70,MOP
145,140,70,MOP
150,140,70,MOP
120,145,75,MOP
125,145,75,MOP
130,145,75,MOP
135,145,75,MOP
140,145,75,MOP
145,145,75,MOP
150,145,75,MOP
120,150,80,MOP
125,150,80,MOP
130,150,80,MOP
135,150,80,MOP
140,150,80,MOP
145,150,80,MOP
150,150,80,MOP
